,id,title,link,sources,date,coord
0,EONET_8164,Wildfire in Brazil 1019880,https://eonet.gsfc.nasa.gov/api/v2.1/events/EONET_8164,https://www.gdacs.org/report.aspx?eventtype=WF&amp;eventid=1019880,2024-06-21,"[-57.2659958049615, -19.418036795163513]"
1,EONET_8165,Wildfire in Paraguay 1019879,https://eonet.gsfc.nasa.gov/api/v2.1/events/EONET_8165,https://www.gdacs.org/report.aspx?eventtype=WF&amp;eventid=1019879,2024-06-21,"[-57.92698090925936, -20.96249847946566]"
2,EONET_8166,Wildfire in Russian Federation 1019881,https://eonet.gsfc.nasa.gov/api/v2.1/events/EONET_8166,https://www.gdacs.org/report.aspx?eventtype=WF&amp;eventid=1019881,2024-06-20,"[158.27788885548992, 65.08566356533524]"
3,EONET_8167,Wildfire in Angola 1019882,https://eonet.gsfc.nasa.gov/api/v2.1/events/EONET_8167,https://www.gdacs.org/report.aspx?eventtype=WF&amp;eventid=1019882,2024-06-20,"[20.4045728927449, -8.63949059889511]"
4,EONET_8157,Wildfire in Angola 1019872,https://eonet.gsfc.nasa.gov/api/v2.1/events/EONET_8157,https://www.gdacs.org/report.aspx?eventtype=WF&amp;eventid=1019872,2024-06-19,"[20.119758949608926, -8.191226206335127]"
5,EONET_8168,Wildfire in Russian Federation 1019883,https://eonet.gsfc.nasa.gov/api/v2.1/events/EONET_8168,https://www.gdacs.org/report.aspx?eventtype=WF&amp;eventid=1019883,2024-06-19,"[158.9132200346393, 67.64510201272032]"
6,EONET_8169,Wildfire in Angola 1019884,https://eonet.gsfc.nasa.gov/api/v2.1/events/EONET_8169,https://www.gdacs.org/report.aspx?eventtype=WF&amp;eventid=1019884,2024-06-19,"[21.549042126505405, -8.376287079385097]"
7,EONET_8170,Wildfire in Russian Federation 1019885,https://eonet.gsfc.nasa.gov/api/v2.1/events/EONET_8170,https://www.gdacs.org/report.aspx?eventtype=WF&amp;eventid=1019885,2024-06-19,"[119.11759005497997, 55.062059425559966]"
8,EONET_8171,Wildfire in Russian Federation 1019887,https://eonet.gsfc.nasa.gov/api/v2.1/events/EONET_8171,https://www.gdacs.org/report.aspx?eventtype=WF&amp;eventid=1019887,2024-06-19,"[115.46825194024164, 56.490232172007076]"
9,EONET_8172,Wildfire in Australia 1019886,https://eonet.gsfc.nasa.gov/api/v2.1/events/EONET_8172,https://www.gdacs.org/report.aspx?eventtype=WF&amp;eventid=1019886,2024-06-19,"[132.94303099969986, -11.878579980773123]"
10,EONET_8147,Wildfire in Russian Federation 1019862,https://eonet.gsfc.nasa.gov/api/v2.1/events/EONET_8147,https://www.gdacs.org/report.aspx?eventtype=WF&amp;eventid=1019862,2024-06-18,"[148.24692708678575, 66.50562396978965]"
11,EONET_8173,Wildfire in Australia 1019888,https://eonet.gsfc.nasa.gov/api/v2.1/events/EONET_8173,https://www.gdacs.org/report.aspx?eventtype=WF&amp;eventid=1019888,2024-06-18,"[132.42429929090477, -13.26977565296811]"
12,EONET_8174,Wildfire in Russian Federation 1019889,https://eonet.gsfc.nasa.gov/api/v2.1/events/EONET_8174,https://www.gdacs.org/report.aspx?eventtype=WF&amp;eventid=1019889,2024-06-18,"[158.72781482284947, 68.07691921719451]"
13,EONET_8175,Wildfire in Russian Federation 1019890,https://eonet.gsfc.nasa.gov/api/v2.1/events/EONET_8175,https://www.gdacs.org/report.aspx?eventtype=WF&amp;eventid=1019890,2024-06-18,"[161.44811771571563, 66.80037633935095]"
14,EONET_8148,Wildfire in Australia 1019863,https://eonet.gsfc.nasa.gov/api/v2.1/events/EONET_8148,https://www.gdacs.org/report.aspx?eventtype=WF&amp;eventid=1019863,2024-06-17,"[129.760891149914, -15.621904848555948]"
15,EONET_8149,Wildfire in United States 1019864,https://eonet.gsfc.nasa.gov/api/v2.1/events/EONET_8149,https://www.gdacs.org/report.aspx?eventtype=WF&amp;eventid=1019864,2024-06-17,"[-105.64559906199449, 33.27657379697286]"
16,EONET_8150,Wildfire in Australia 1019865,https://eonet.gsfc.nasa.gov/api/v2.1/events/EONET_8150,https://www.gdacs.org/report.aspx?eventtype=WF&amp;eventid=1019865,2024-06-17,"[133.5260614346419, -13.043628596681506]"
17,EONET_8151,Wildfire in United States 1019866,https://eonet.gsfc.nasa.gov/api/v2.1/events/EONET_8151,https://www.gdacs.org/report.aspx?eventtype=WF&amp;eventid=1019866,2024-06-17,"[-122.42967737380634, 39.26009852148929]"
18,EONET_8152,Wildfire in Brazil 1019867,https://eonet.gsfc.nasa.gov/api/v2.1/events/EONET_8152,https://www.gdacs.org/report.aspx?eventtype=WF&amp;eventid=1019867,2024-06-17,"[-57.17370557813702, -19.289342140903017]"
19,EONET_8158,Wildfire in The Democratic Republic of Congo 1019873,https://eonet.gsfc.nasa.gov/api/v2.1/events/EONET_8158,https://www.gdacs.org/report.aspx?eventtype=WF&amp;eventid=1019873,2024-06-17,"[25.93837186934699, -5.483407883842133]"
20,EONET_8159,Wildfire in Australia 1019874,https://eonet.gsfc.nasa.gov/api/v2.1/events/EONET_8159,https://www.gdacs.org/report.aspx?eventtype=WF&amp;eventid=1019874,2024-06-17,"[133.48345853995323, -12.531122608190255]"
21,EONET_8176,Wildfire in Australia 1019891,https://eonet.gsfc.nasa.gov/api/v2.1/events/EONET_8176,https://www.gdacs.org/report.aspx?eventtype=WF&amp;eventid=1019891,2024-06-17,"[132.12589324891877, -12.99248176334612]"
22,EONET_8177,Wildfire in The Democratic Republic of Congo 1019892,https://eonet.gsfc.nasa.gov/api/v2.1/events/EONET_8177,https://www.gdacs.org/report.aspx?eventtype=WF&amp;eventid=1019892,2024-06-17,"[24.564823297642395, -3.3398128457860636]"
23,EONET_8178,Wildfire in The Democratic Republic of Congo 1019893,https://eonet.gsfc.nasa.gov/api/v2.1/events/EONET_8178,https://www.gdacs.org/report.aspx?eventtype=WF&amp;eventid=1019893,2024-06-17,"[24.44278198149758, -3.5878300765150968]"
24,EONET_8179,Wildfire in The Democratic Republic of Congo 1019894,https://eonet.gsfc.nasa.gov/api/v2.1/events/EONET_8179,https://www.gdacs.org/report.aspx?eventtype=WF&amp;eventid=1019894,2024-06-17,"[23.398607490212864, -3.3760737617380507]"
25,EONET_8139,Wildfire in United States 1019855,https://eonet.gsfc.nasa.gov/api/v2.1/events/EONET_8139,https://www.gdacs.org/report.aspx?eventtype=WF&amp;eventid=1019855,2024-06-16,"[-105.72193942407317, 33.36714566463279]"
26,EONET_8155,Wildfire in Russian Federation 1019870,https://eonet.gsfc.nasa.gov/api/v2.1/events/EONET_8155,https://www.gdacs.org/report.aspx?eventtype=WF&amp;eventid=1019870,2024-06-16,"[157.9826588364988, 65.7126495004195]"
27,EONET_8156,Wildfire in Russian Federation 1019871,https://eonet.gsfc.nasa.gov/api/v2.1/events/EONET_8156,https://www.gdacs.org/report.aspx?eventtype=WF&amp;eventid=1019871,2024-06-16,"[146.71738424130103, 66.77270863830982]"
28,EONET_8160,Wildfire in The Democratic Republic of Congo 1019876,https://eonet.gsfc.nasa.gov/api/v2.1/events/EONET_8160,https://www.gdacs.org/report.aspx?eventtype=WF&amp;eventid=1019876,2024-06-16,"[18.47351175871417, -7.421050231095639]"
29,EONET_8161,Wildfire in Australia 1019875,https://eonet.gsfc.nasa.gov/api/v2.1/events/EONET_8161,https://www.gdacs.org/report.aspx?eventtype=WF&amp;eventid=1019875,2024-06-16,"[131.8548805299909, -12.79456054460986]"
30,EONET_8180,Wildfire in Russian Federation 1019895,https://eonet.gsfc.nasa.gov/api/v2.1/events/EONET_8180,https://www.gdacs.org/report.aspx?eventtype=WF&amp;eventid=1019895,2024-06-16,"[132.99665993798027, 59.948255397135014]"
31,EONET_8181,Wildfire in Russian Federation 1019896,https://eonet.gsfc.nasa.gov/api/v2.1/events/EONET_8181,https://www.gdacs.org/report.aspx?eventtype=WF&amp;eventid=1019896,2024-06-16,"[150.03649574237724, 67.70905100231123]"
32,EONET_8162,Wildfire in Australia 1019877,https://eonet.gsfc.nasa.gov/api/v2.1/events/EONET_8162,https://www.gdacs.org/report.aspx?eventtype=WF&amp;eventid=1019877,2024-06-15,"[133.57410753730048, -12.709614536530445]"
33,EONET_8163,Wildfire in Russian Federation 1019878,https://eonet.gsfc.nasa.gov/api/v2.1/events/EONET_8163,https://www.gdacs.org/report.aspx?eventtype=WF&amp;eventid=1019878,2024-06-15,"[118.4396590811444, 54.66212330033214]"
34,EONET_8182,Wildfire in The Democratic Republic of Congo 1019897,https://eonet.gsfc.nasa.gov/api/v2.1/events/EONET_8182,https://www.gdacs.org/report.aspx?eventtype=WF&amp;eventid=1019897,2024-06-15,"[23.409917982583444, -3.5668065626110232]"
35,EONET_8140,Wildfire in Russian Federation 1019856,https://eonet.gsfc.nasa.gov/api/v2.1/events/EONET_8140,https://www.gdacs.org/report.aspx?eventtype=WF&amp;eventid=1019856,2024-06-14,"[156.6579489049529, 64.51608237614225]"
36,EONET_6681,Wildfire in Brazil 1019839,https://eonet.gsfc.nasa.gov/api/v2.1/events/EONET_6681,https://www.gdacs.org/report.aspx?eventtype=WF&amp;eventid=1019839,2024-06-13,"[-57.28393213498251, -17.671302478650173]"
37,EONET_6687,Wildfire in Botswana 1019845,https://eonet.gsfc.nasa.gov/api/v2.1/events/EONET_6687,https://www.gdacs.org/report.aspx?eventtype=WF&amp;eventid=1019845,2024-06-13,"[24.83401145650008, -20.02206700721789]"
38,EONET_6695,Wildfire in Australia 1019853,https://eonet.gsfc.nasa.gov/api/v2.1/events/EONET_6695,https://www.gdacs.org/report.aspx?eventtype=WF&amp;eventid=1019853,2024-06-13,"[132.08417267814752, -13.121198778578076]"
39,EONET_8141,Wildfire in Russian Federation 1019857,https://eonet.gsfc.nasa.gov/api/v2.1/events/EONET_8141,https://www.gdacs.org/report.aspx?eventtype=WF&amp;eventid=1019857,2024-06-13,"[134.13260040393624, 60.04986605415172]"
40,EONET_8153,Wildfire in Russian Federation 1019868,https://eonet.gsfc.nasa.gov/api/v2.1/events/EONET_8153,https://www.gdacs.org/report.aspx?eventtype=WF&amp;eventid=1019868,2024-06-13,"[149.44755942026507, 66.34800010503768]"
41,EONET_8183,Wildfire in Australia 1019898,https://eonet.gsfc.nasa.gov/api/v2.1/events/EONET_8183,https://www.gdacs.org/report.aspx?eventtype=WF&amp;eventid=1019898,2024-06-13,"[134.01157930735363, -12.750722951250086]"
42,EONET_8184,Wildfire in Russian Federation 1019899,https://eonet.gsfc.nasa.gov/api/v2.1/events/EONET_8184,https://www.gdacs.org/report.aspx?eventtype=WF&amp;eventid=1019899,2024-06-13,"[137.03452360301566, 66.0533143300944]"
43,EONET_6682,Wildfire in Zambia 1019840,https://eonet.gsfc.nasa.gov/api/v2.1/events/EONET_6682,https://www.gdacs.org/report.aspx?eventtype=WF&amp;eventid=1019840,2024-06-12,"[26.468053102960674, -14.774490930290243]"
44,EONET_6683,Wildfire in Australia 1019841,https://eonet.gsfc.nasa.gov/api/v2.1/events/EONET_6683,https://www.gdacs.org/report.aspx?eventtype=WF&amp;eventid=1019841,2024-06-12,"[137.3280985860007, -16.628472234184954]"
45,EONET_6684,Wildfire in Australia 1019842,https://eonet.gsfc.nasa.gov/api/v2.1/events/EONET_6684,https://www.gdacs.org/report.aspx?eventtype=WF&amp;eventid=1019842,2024-06-12,"[137.1618343375941, -16.660030796521053]"
46,EONET_6688,Wildfire in Russian Federation 1019846,https://eonet.gsfc.nasa.gov/api/v2.1/events/EONET_6688,https://www.gdacs.org/report.aspx?eventtype=WF&amp;eventid=1019846,2024-06-12,"[131.4354712009206, 59.16594147671801]"
47,EONET_6689,Wildfire in Australia 1019847,https://eonet.gsfc.nasa.gov/api/v2.1/events/EONET_6689,https://www.gdacs.org/report.aspx?eventtype=WF&amp;eventid=1019847,2024-06-12,"[132.1889824594143, -13.48843052157011]"
48,EONET_8142,Wildfire in Bolivia 1019858,https://eonet.gsfc.nasa.gov/api/v2.1/events/EONET_8142,https://www.gdacs.org/report.aspx?eventtype=WF&amp;eventid=1019858,2024-06-12,"[-60.32042337869555, -16.130845497248135]"
49,EONET_8185,Wildfire in The Democratic Republic of Congo 1019900,https://eonet.gsfc.nasa.gov/api/v2.1/events/EONET_8185,https://www.gdacs.org/report.aspx?eventtype=WF&amp;eventid=1019900,2024-06-12,"[23.75848167729023, -3.8754318948046156]"
50,EONET_6697,"Lone Fire Wildfire, Roosevelt, Montana",https://eonet.gsfc.nasa.gov/api/v2.1/events/EONET_6697,https://irwin.doi.gov/observer/,2024-06-12,"[-105.668216, 48.114224]"
51,EONET_6699,"Chelsea Slough Fire Wildfire, Roosevelt, Montana",https://eonet.gsfc.nasa.gov/api/v2.1/events/EONET_6699,https://irwin.doi.gov/observer/,2024-06-12,"[-105.338766, 48.131857]"
52,EONET_6700,"Pit Fire Wildfire, Roosevelt, Montana",https://eonet.gsfc.nasa.gov/api/v2.1/events/EONET_6700,https://irwin.doi.gov/observer/,2024-06-12,"[-105.633388, 48.0773]"
53,EONET_6701,"South Ditch Wildfire, Fergus, Montana",https://eonet.gsfc.nasa.gov/api/v2.1/events/EONET_6701,https://irwin.doi.gov/observer/,2024-06-12,"[-109.645068, 47.196479]"
54,EONET_6702,"Gate Fire Wildfire, Roosevelt, Montana",https://eonet.gsfc.nasa.gov/api/v2.1/events/EONET_6702,https://irwin.doi.gov/observer/,2024-06-12,"[-105.665969, 48.066644]"
55,EONET_6703,"Fort Peck Tribal Dump Ground Wildfire, Roosevelt, Montana",https://eonet.gsfc.nasa.gov/api/v2.1/events/EONET_6703,https://irwin.doi.gov/observer/,2024-06-12,"[-105.17975, 48.10491]"
56,EONET_6704,"Dry Creek - Custer Wildfire, Custer, Montana",https://eonet.gsfc.nasa.gov/api/v2.1/events/EONET_6704,https://irwin.doi.gov/observer/,2024-06-12,"[-105.763867, 46.215133]"
57,EONET_6715,"Spring Gulch Wildfire, Yavapai, Arizona",https://eonet.gsfc.nasa.gov/api/v2.1/events/EONET_6715,https://irwin.doi.gov/observer/,2024-06-12,"[-112.028999, 34.457199]"
58,EONET_6716,"Pine Creek Wildfire, Lincoln, Montana",https://eonet.gsfc.nasa.gov/api/v2.1/events/EONET_6716,https://irwin.doi.gov/observer/,2024-06-12,"[-115.982966, 48.596518]"
59,EONET_6717,"VALENTINE Wildfire, Mono, California",https://eonet.gsfc.nasa.gov/api/v2.1/events/EONET_6717,https://irwin.doi.gov/observer/,2024-06-12,"[-118.925314, 37.633773]"
60,EONET_6720,"Elk Haven Wildfire, Lincoln, Montana",https://eonet.gsfc.nasa.gov/api/v2.1/events/EONET_6720,https://irwin.doi.gov/observer/,2024-06-11,"[-115.62767, 48.949077]"
61,EONET_6721,"RABBIT CREEK Wildfire, Okanogan, Washington",https://eonet.gsfc.nasa.gov/api/v2.1/events/EONET_6721,https://irwin.doi.gov/observer/,2024-06-11,"[-119.688449, 48.821597]"
62,EONET_6723,"Spring Wildfire, Powder River, Montana",https://eonet.gsfc.nasa.gov/api/v2.1/events/EONET_6723,https://irwin.doi.gov/observer/,2024-06-11,"[-105.90575, 45.148167]"
63,EONET_6725,"PHILLEO Wildfire, Stevens, Washington",https://eonet.gsfc.nasa.gov/api/v2.1/events/EONET_6725,https://irwin.doi.gov/observer/,2024-06-11,"[-117.860452, 48.408251]"
64,EONET_6731,"Round Lake Wildfire, Klamath, Oregon",https://eonet.gsfc.nasa.gov/api/v2.1/events/EONET_6731,https://irwin.doi.gov/observer/,2024-06-11,"[-121.914897, 42.20675]"
65,EONET_6733,"Waddle Wildfire, Elko, Nevada",https://eonet.gsfc.nasa.gov/api/v2.1/events/EONET_6733,https://irwin.doi.gov/observer/,2024-06-11,"[-115.82652, 41.03323]"
66,EONET_6734,"Shute Wildfire, Lincoln, Wyoming",https://eonet.gsfc.nasa.gov/api/v2.1/events/EONET_6734,https://irwin.doi.gov/observer/,2024-06-11,"[-110.4532, 42.26215]"
67,EONET_6736,"0221 NE DARLENE 2 Wildfire, Deschutes, Oregon",https://eonet.gsfc.nasa.gov/api/v2.1/events/EONET_6736,https://irwin.doi.gov/observer/,2024-06-11,"[-121.476282, 43.652785]"
68,EONET_6737,"Sego Wildfire, Dolores, Colorado",https://eonet.gsfc.nasa.gov/api/v2.1/events/EONET_6737,https://irwin.doi.gov/observer/,2024-06-11,"[-108.913133, 37.639667]"
69,EONET_6739,"Stuart 3 Wildfire, Fairbanks North Star, Alaska",https://eonet.gsfc.nasa.gov/api/v2.1/events/EONET_6739,https://irwin.doi.gov/observer/,2024-06-11,"[-146.561998, 66.683013]"
70,EONET_6740,"Cold Spring Ln Wildfire, Columbia, Washington",https://eonet.gsfc.nasa.gov/api/v2.1/events/EONET_6740,https://irwin.doi.gov/observer/,2024-06-11,"[-118.022489, 46.302211]"
71,EONET_6743,"Cedar City Assist 01 Wildfire, Iron, Utah",https://eonet.gsfc.nasa.gov/api/v2.1/events/EONET_6743,https://irwin.doi.gov/observer/,2024-06-11,"[-113.185101, 37.674879]"
72,EONET_6747,"MPMG Wildfire, Fairbanks North Star, Alaska",https://eonet.gsfc.nasa.gov/api/v2.1/events/EONET_6747,https://irwin.doi.gov/observer/,2024-06-11,"[-147.656117, 64.810283]"
73,EONET_6748,"Longs Ranch Wildfire, Douglas, Oregon",https://eonet.gsfc.nasa.gov/api/v2.1/events/EONET_6748,https://irwin.doi.gov/observer/,2024-06-11,"[-123.5338685, 43.32234447]"
74,EONET_6678,Wildfire in China 1019836,https://eonet.gsfc.nasa.gov/api/v2.1/events/EONET_6678,https://www.gdacs.org/report.aspx?eventtype=WF&amp;eventid=1019836,2024-06-11,"[112.13231659287177, 36.031661543156666]"
75,EONET_6690,Wildfire in Russian Federation 1019848,https://eonet.gsfc.nasa.gov/api/v2.1/events/EONET_6690,https://www.gdacs.org/report.aspx?eventtype=WF&amp;eventid=1019848,2024-06-11,"[128.66495544704927, 53.27742275722371]"
76,EONET_6691,Wildfire in Russian Federation 1019849,https://eonet.gsfc.nasa.gov/api/v2.1/events/EONET_6691,https://www.gdacs.org/report.aspx?eventtype=WF&amp;eventid=1019849,2024-06-11,"[136.2825117087701, 62.769134900333306]"
77,EONET_6692,Wildfire in Brazil 1019850,https://eonet.gsfc.nasa.gov/api/v2.1/events/EONET_6692,https://www.gdacs.org/report.aspx?eventtype=WF&amp;eventid=1019850,2024-06-11,"[-56.33117041317782, -19.780401642890286]"
78,EONET_6696,Wildfire in Australia 1019854,https://eonet.gsfc.nasa.gov/api/v2.1/events/EONET_6696,https://www.gdacs.org/report.aspx?eventtype=WF&amp;eventid=1019854,2024-06-11,"[130.26648020718562, -14.282982474581985]"
79,EONET_8143,"Wildfire in Botswana, Namibia 1019859",https://eonet.gsfc.nasa.gov/api/v2.1/events/EONET_8143,https://www.gdacs.org/report.aspx?eventtype=WF&amp;eventid=1019859,2024-06-11,"[22.948394283062314, -18.067359525469087]"
80,EONET_6750,"South Devils Corral Wildfire, Jerome, Idaho",https://eonet.gsfc.nasa.gov/api/v2.1/events/EONET_6750,https://irwin.doi.gov/observer/,2024-06-11,"[-114.369453, 42.600086]"
81,EONET_6752,"Lakeshore Dr. Wildfire, Josephine, Oregon",https://eonet.gsfc.nasa.gov/api/v2.1/events/EONET_6752,https://irwin.doi.gov/observer/,2024-06-11,"[-123.5792797, 42.26686509]"
82,EONET_6753,"QUAKE Wildfire, Benton, Washington",https://eonet.gsfc.nasa.gov/api/v2.1/events/EONET_6753,https://irwin.doi.gov/observer/,2024-06-11,"[-119.267871, 46.193834]"
83,EONET_6755,"Cat Tail Creek Wildfire, Jackson, Oregon",https://eonet.gsfc.nasa.gov/api/v2.1/events/EONET_6755,https://irwin.doi.gov/observer/,2024-06-11,"[-122.6538, 42.56046667]"
84,EONET_6756,"Deviation Wildfire, Northwest Arctic, Alaska",https://eonet.gsfc.nasa.gov/api/v2.1/events/EONET_6756,https://irwin.doi.gov/observer/,2024-06-11,"[-160.695648, 66.928278]"
85,EONET_6757,"Gyer Wildfire, Lake, Oregon",https://eonet.gsfc.nasa.gov/api/v2.1/events/EONET_6757,https://irwin.doi.gov/observer/,2024-06-11,"[-121.183538, 42.913761]"
86,EONET_6760,"Creek Wildfire, Crook, Wyoming",https://eonet.gsfc.nasa.gov/api/v2.1/events/EONET_6760,https://irwin.doi.gov/observer/,2024-06-11,"[-104.658384, 44.925824]"
87,EONET_6764,"Trail Wildfire, Washoe, Nevada",https://eonet.gsfc.nasa.gov/api/v2.1/events/EONET_6764,https://irwin.doi.gov/observer/,2024-06-11,"[-119.764023, 39.625623]"
88,EONET_6771,"GROVE Wildfire, Spokane, Washington",https://eonet.gsfc.nasa.gov/api/v2.1/events/EONET_6771,https://irwin.doi.gov/observer/,2024-06-11,"[-117.487836, 47.58265]"
89,EONET_6774,"Interlaken Wildfire, Lake, Colorado",https://eonet.gsfc.nasa.gov/api/v2.1/events/EONET_6774,https://irwin.doi.gov/observer/,2024-06-11,"[-106.31127, 39.07743]"
90,EONET_6779,"LA PORTE Wildfire, Butte, California",https://eonet.gsfc.nasa.gov/api/v2.1/events/EONET_6779,https://irwin.doi.gov/observer/,2024-06-11,"[-121.403826, 39.390536]"
91,EONET_6780,"WATKINS Wildfire, Mariposa, California",https://eonet.gsfc.nasa.gov/api/v2.1/events/EONET_6780,https://irwin.doi.gov/observer/,2024-06-11,"[-119.539277, 37.783315]"
92,EONET_6783,"Warm Creek Wildfire, Jerome, Idaho",https://eonet.gsfc.nasa.gov/api/v2.1/events/EONET_6783,https://irwin.doi.gov/observer/,2024-06-11,"[-114.458227, 42.602062]"
93,EONET_6788,"PRESTON ROAD Wildfire, Okanogan, Washington",https://eonet.gsfc.nasa.gov/api/v2.1/events/EONET_6788,https://irwin.doi.gov/observer/,2024-06-11,"[-120.132973, 48.215485]"
94,EONET_6789,"STODDARD 3 Wildfire, San Bernardino, California",https://eonet.gsfc.nasa.gov/api/v2.1/events/EONET_6789,https://irwin.doi.gov/observer/,2024-06-11,"[-117.055431, 34.785296]"
95,EONET_6795,"Lake Creek Wildfire, Harney, Oregon",https://eonet.gsfc.nasa.gov/api/v2.1/events/EONET_6795,https://irwin.doi.gov/observer/,2024-06-11,"[-119.227055, 43.751269]"
96,EONET_6798,"Snow Ranch Wildfire, Archuleta, Colorado",https://eonet.gsfc.nasa.gov/api/v2.1/events/EONET_6798,https://irwin.doi.gov/observer/,2024-06-11,"[-107.220193, 37.253575]"
97,EONET_6804,"E Antelope Rd 2528 Wildfire, Jackson, Oregon",https://eonet.gsfc.nasa.gov/api/v2.1/events/EONET_6804,https://irwin.doi.gov/observer/,2024-06-11,"[-122.7488833, 42.41375]"
98,EONET_6813,"Wildcat Wildfire, Tooele, Utah",https://eonet.gsfc.nasa.gov/api/v2.1/events/EONET_6813,https://irwin.doi.gov/observer/,2024-06-11,"[-113.296123, 40.47799]"
99,EONET_6816,"Bogners - Carter Wildfire, Carter, Montana",https://eonet.gsfc.nasa.gov/api/v2.1/events/EONET_6816,https://irwin.doi.gov/observer/,2024-06-11,"[-105.00292, 45.21458]"
100,EONET_6817,"CARO Wildfire, Spokane, Washington",https://eonet.gsfc.nasa.gov/api/v2.1/events/EONET_6817,https://irwin.doi.gov/observer/,2024-06-11,"[-117.293534, 47.649666]"
101,EONET_6818,"WILDCAT CREEK Wildfire, Caddo, Oklahoma",https://eonet.gsfc.nasa.gov/api/v2.1/events/EONET_6818,https://irwin.doi.gov/observer/,2024-06-11,"[-98.256944, 35.296944]"
102,EONET_6820,"PALISADES ROAD Wildfire, Douglas, Washington",https://eonet.gsfc.nasa.gov/api/v2.1/events/EONET_6820,https://irwin.doi.gov/observer/,2024-06-11,"[-120.012476, 47.275592]"
103,EONET_6835,"D54 STUCK VEHICLE 2S66 Wildfire, Tuolumne, California",https://eonet.gsfc.nasa.gov/api/v2.1/events/EONET_6835,https://irwin.doi.gov/observer/,2024-06-10,"[-119.96652, 37.79836]"
104,EONET_6838,"Timber Butte Wildfire, Klamath, Oregon",https://eonet.gsfc.nasa.gov/api/v2.1/events/EONET_6838,https://irwin.doi.gov/observer/,2024-06-10,"[-121.476333, 43.316]"
105,EONET_6841,"ADOBE 3 Wildfire, Sonoma, California",https://eonet.gsfc.nasa.gov/api/v2.1/events/EONET_6841,https://irwin.doi.gov/observer/,2024-06-10,"[-122.531283, 38.238583]"
106,EONET_6842,"ADOBE 2 Wildfire, Sonoma, California",https://eonet.gsfc.nasa.gov/api/v2.1/events/EONET_6842,https://irwin.doi.gov/observer/,2024-06-10,"[-122.533917, 38.240033]"
107,EONET_6844,"Black Wildfire, Gila, Arizona",https://eonet.gsfc.nasa.gov/api/v2.1/events/EONET_6844,https://irwin.doi.gov/observer/,2024-06-10,"[-110.529833, 33.986]"
108,EONET_6845,"I-5 MM 18 Wildfire, Jackson, Oregon",https://eonet.gsfc.nasa.gov/api/v2.1/events/EONET_6845,https://irwin.doi.gov/observer/,2024-06-10,"[-122.7138333, 42.21833333]"
109,EONET_6849,"ASSIST/KRN/48A Wildfire, Kern, California",https://eonet.gsfc.nasa.gov/api/v2.1/events/EONET_6849,https://irwin.doi.gov/observer/,2024-06-10,"[-117.962179, 35.223745]"
110,EONET_6850,"I 80  / CUMMINGS SKWY Wildfire, Contra Costa, California",https://eonet.gsfc.nasa.gov/api/v2.1/events/EONET_6850,https://irwin.doi.gov/observer/,2024-06-10,"[-122.238293, 38.045173]"
111,EONET_6666,"Wildfire in Bolivia, Brazil 1019827",https://eonet.gsfc.nasa.gov/api/v2.1/events/EONET_6666,https://www.gdacs.org/report.aspx?eventtype=WF&amp;eventid=1019827,2024-06-10,"[-57.96180469872408, -19.98358757004916]"
112,EONET_6673,Wildfire in The Democratic Republic of Congo 1019831,https://eonet.gsfc.nasa.gov/api/v2.1/events/EONET_6673,https://www.gdacs.org/report.aspx?eventtype=WF&amp;eventid=1019831,2024-06-10,"[25.048072842072497, -8.449158839527039]"
113,EONET_6679,Wildfire in Australia 1019837,https://eonet.gsfc.nasa.gov/api/v2.1/events/EONET_6679,https://www.gdacs.org/report.aspx?eventtype=WF&amp;eventid=1019837,2024-06-10,"[128.756296444836, -17.064177309559632]"
114,EONET_6685,Wildfire in Australia 1019844,https://eonet.gsfc.nasa.gov/api/v2.1/events/EONET_6685,https://www.gdacs.org/report.aspx?eventtype=WF&amp;eventid=1019844,2024-06-10,"[130.11084389489514, -14.453578007520827]"
115,EONET_6686,Wildfire in Russian Federation 1019843,https://eonet.gsfc.nasa.gov/api/v2.1/events/EONET_6686,https://www.gdacs.org/report.aspx?eventtype=WF&amp;eventid=1019843,2024-06-10,"[128.92521909629454, 53.328215689594266]"
116,EONET_6693,Wildfire in Australia 1019851,https://eonet.gsfc.nasa.gov/api/v2.1/events/EONET_6693,https://www.gdacs.org/report.aspx?eventtype=WF&amp;eventid=1019851,2024-06-10,"[130.1599674966007, -14.388250095459364]"
117,EONET_8154,Wildfire in The Democratic Republic of Congo 1019869,https://eonet.gsfc.nasa.gov/api/v2.1/events/EONET_8154,https://www.gdacs.org/report.aspx?eventtype=WF&amp;eventid=1019869,2024-06-10,"[24.211050380988084, -3.3985815757509625]"
118,EONET_8186,Wildfire in Russian Federation 1019901,https://eonet.gsfc.nasa.gov/api/v2.1/events/EONET_8186,https://www.gdacs.org/report.aspx?eventtype=WF&amp;eventid=1019901,2024-06-10,"[133.13202920201394, 59.91720308563306]"
119,EONET_6863,"Canal Wildfire, Maricopa, Arizona",https://eonet.gsfc.nasa.gov/api/v2.1/events/EONET_6863,https://irwin.doi.gov/observer/,2024-06-10,"[-111.893383, 33.449053]"
120,EONET_6866,"Wickiup Wildfire, Klamath, Oregon",https://eonet.gsfc.nasa.gov/api/v2.1/events/EONET_6866,https://irwin.doi.gov/observer/,2024-06-10,"[-121.358369, 43.348265]"
121,EONET_6874,"2452 Wildfire, Harney, Oregon",https://eonet.gsfc.nasa.gov/api/v2.1/events/EONET_6874,https://irwin.doi.gov/observer/,2024-06-10,"[-119.866325, 43.592621]"
122,EONET_6875,"Heart Lake Camp Fire Wildfire, Lake, Oregon",https://eonet.gsfc.nasa.gov/api/v2.1/events/EONET_6875,https://irwin.doi.gov/observer/,2024-06-10,"[-120.8387, 42.2573]"
123,EONET_6883,"Beaver Creek Wildfire, Oneida, Wisconsin",https://eonet.gsfc.nasa.gov/api/v2.1/events/EONET_6883,https://irwin.doi.gov/observer/,2024-06-10,"[-89.28561, 45.58691]"
124,EONET_6888,"FALSE ALARM Wildfire, Los Angeles, California",https://eonet.gsfc.nasa.gov/api/v2.1/events/EONET_6888,https://irwin.doi.gov/observer/,2024-06-10,"[-118.2059, 34.221009]"
125,EONET_6889,"Drake Wildfire, Maricopa, Arizona",https://eonet.gsfc.nasa.gov/api/v2.1/events/EONET_6889,https://irwin.doi.gov/observer/,2024-06-10,"[-111.946942, 33.256332]"
126,EONET_6894,"Peacock Wildfire, Mohave, Arizona",https://eonet.gsfc.nasa.gov/api/v2.1/events/EONET_6894,https://irwin.doi.gov/observer/,2024-06-10,"[-113.7994, 35.3187]"
127,EONET_6902,"CRAWFISH Wildfire, Fresno, California",https://eonet.gsfc.nasa.gov/api/v2.1/events/EONET_6902,https://irwin.doi.gov/observer/,2024-06-10,"[-119.376299, 36.719509]"
128,EONET_6903,"Butler Rd Slash Wildfire, Lane, Oregon",https://eonet.gsfc.nasa.gov/api/v2.1/events/EONET_6903,https://irwin.doi.gov/observer/,2024-06-10,"[-123.390735, 44.12105]"
129,EONET_6907,"RAILROAD Wildfire, Shasta, California",https://eonet.gsfc.nasa.gov/api/v2.1/events/EONET_6907,https://irwin.doi.gov/observer/,2024-06-10,"[-122.38896, 40.557538]"
130,EONET_6910,"TRAINING Wildfire, San Bernardino, California",https://eonet.gsfc.nasa.gov/api/v2.1/events/EONET_6910,https://irwin.doi.gov/observer/,2024-06-10,"[-115.768204, 35.41111]"
131,EONET_6912,"Christi Court Wildfire, Brevard, Florida",https://eonet.gsfc.nasa.gov/api/v2.1/events/EONET_6912,https://irwin.doi.gov/observer/,2024-06-10,"[-80.843833, 28.6035]"
132,EONET_6914,"BLUEBELL Wildfire, Valencia, New Mexico",https://eonet.gsfc.nasa.gov/api/v2.1/events/EONET_6914,https://irwin.doi.gov/observer/,2024-06-10,"[-106.7646, 34.74559]"
133,EONET_6925,"School 124 Wildfire, Mohave, Arizona",https://eonet.gsfc.nasa.gov/api/v2.1/events/EONET_6925,https://irwin.doi.gov/observer/,2024-06-09,"[-113.425844, 35.53435]"
134,EONET_6663,Wildfire in The Democratic Republic of Congo 1019820,https://eonet.gsfc.nasa.gov/api/v2.1/events/EONET_6663,https://www.gdacs.org/report.aspx?eventtype=WF&amp;eventid=1019820,2024-06-09,"[19.524549447533417, -6.321017773009712]"
135,EONET_6667,Wildfire in Australia 1019829,https://eonet.gsfc.nasa.gov/api/v2.1/events/EONET_6667,https://www.gdacs.org/report.aspx?eventtype=WF&amp;eventid=1019829,2024-06-09,"[145.97078668581128, -19.151149710433955]"
136,EONET_6668,Wildfire in Australia 1019830,https://eonet.gsfc.nasa.gov/api/v2.1/events/EONET_6668,https://www.gdacs.org/report.aspx?eventtype=WF&amp;eventid=1019830,2024-06-09,"[144.90579302774964, -16.609373940490848]"
137,EONET_6669,Wildfire in Angola 1019823,https://eonet.gsfc.nasa.gov/api/v2.1/events/EONET_6669,https://www.gdacs.org/report.aspx?eventtype=WF&amp;eventid=1019823,2024-06-09,"[21.72731383847351, -8.627310716730873]"
138,EONET_6670,Wildfire in The Democratic Republic of Congo 1019824,https://eonet.gsfc.nasa.gov/api/v2.1/events/EONET_6670,https://www.gdacs.org/report.aspx?eventtype=WF&amp;eventid=1019824,2024-06-09,"[27.01164841093055, -8.744141171555189]"
139,EONET_6680,"Wildfire in Paraguay, Brazil 1019838",https://eonet.gsfc.nasa.gov/api/v2.1/events/EONET_6680,https://www.gdacs.org/report.aspx?eventtype=WF&amp;eventid=1019838,2024-06-09,"[-57.83145858799635, -20.9432944839143]"
140,EONET_6694,Wildfire in Australia 1019852,https://eonet.gsfc.nasa.gov/api/v2.1/events/EONET_6694,https://www.gdacs.org/report.aspx?eventtype=WF&amp;eventid=1019852,2024-06-09,"[126.96293200047403, -14.447093138560433]"
141,EONET_6954,"0205 RV Wildfire, Crook, Oregon",https://eonet.gsfc.nasa.gov/api/v2.1/events/EONET_6954,https://irwin.doi.gov/observer/,2024-06-09,"[-120.129216, 43.996779]"
142,EONET_6961,"Springhill Wildfire, Leon, Florida",https://eonet.gsfc.nasa.gov/api/v2.1/events/EONET_6961,https://irwin.doi.gov/observer/,2024-06-09,"[-84.356583, 30.3757]"
143,EONET_6972,"Greasewood Wildfire, Pinal, Arizona",https://eonet.gsfc.nasa.gov/api/v2.1/events/EONET_6972,https://irwin.doi.gov/observer/,2024-06-09,"[-111.574735, 33.03132]"
144,EONET_6979,"Bills Hill Wildfire, Volusia, Florida",https://eonet.gsfc.nasa.gov/api/v2.1/events/EONET_6979,https://irwin.doi.gov/observer/,2024-06-09,"[-80.607713, 28.392218]"
145,EONET_6982,"Highway Wildfire, Maricopa, Arizona",https://eonet.gsfc.nasa.gov/api/v2.1/events/EONET_6982,https://irwin.doi.gov/observer/,2024-06-09,"[-111.952003, 33.259701]"
146,EONET_7006,"Tumbleweed Wildfire, Cochise, Arizona",https://eonet.gsfc.nasa.gov/api/v2.1/events/EONET_7006,https://irwin.doi.gov/observer/,2024-06-08,"[-109.749395, 31.543698]"
147,EONET_7009,"TEN MILE Wildfire, Benton, Washington",https://eonet.gsfc.nasa.gov/api/v2.1/events/EONET_7009,https://irwin.doi.gov/observer/,2024-06-08,"[-119.450893, 46.361331]"
148,EONET_7025,"Owl Wildfire, Yukon-Koyukuk, Alaska",https://eonet.gsfc.nasa.gov/api/v2.1/events/EONET_7025,https://irwin.doi.gov/observer/,2024-06-08,"[-142.17, 66.15]"
149,EONET_6674,Wildfire in Russian Federation 1019832,https://eonet.gsfc.nasa.gov/api/v2.1/events/EONET_6674,https://www.gdacs.org/report.aspx?eventtype=WF&amp;eventid=1019832,2024-06-08,"[136.05409473202397, 62.79173199039873]"
150,EONET_8144,Wildfire in Australia 1019860,https://eonet.gsfc.nasa.gov/api/v2.1/events/EONET_8144,https://www.gdacs.org/report.aspx?eventtype=WF&amp;eventid=1019860,2024-06-08,"[143.418907645641, -17.218158897120496]"
151,EONET_7034,"McDonald Wildfire, Fairbanks North Star, Alaska",https://eonet.gsfc.nasa.gov/api/v2.1/events/EONET_7034,https://irwin.doi.gov/observer/,2024-06-08,"[-147.21692, 64.40688]"
152,EONET_7035,"PIONEER Wildfire, Chelan, Washington",https://eonet.gsfc.nasa.gov/api/v2.1/events/EONET_7035,https://irwin.doi.gov/observer/,2024-06-08,"[-120.546799, 48.199206]"
153,EONET_7041,"GRIZZLY Wildfire, Nevada, California",https://eonet.gsfc.nasa.gov/api/v2.1/events/EONET_7041,https://irwin.doi.gov/observer/,2024-06-08,"[-120.88991, 39.402733]"
154,EONET_7042,"Top Wildfire, Gila, Arizona",https://eonet.gsfc.nasa.gov/api/v2.1/events/EONET_7042,https://irwin.doi.gov/observer/,2024-06-08,"[-110.589, 33.3708]"
155,EONET_7044,"Lutheran Wildfire, Gila, Arizona",https://eonet.gsfc.nasa.gov/api/v2.1/events/EONET_7044,https://irwin.doi.gov/observer/,2024-06-08,"[-110.45, 33.3071]"
156,EONET_7050,"Bear Wildfire, Gila, Arizona",https://eonet.gsfc.nasa.gov/api/v2.1/events/EONET_7050,https://irwin.doi.gov/observer/,2024-06-08,"[-110.522289, 33.934414]"
157,EONET_7051,"BULLARDS Wildfire, Yuba, California",https://eonet.gsfc.nasa.gov/api/v2.1/events/EONET_7051,https://irwin.doi.gov/observer/,2024-06-08,"[-121.073112, 39.464824]"
158,EONET_7060,"Vekol Wildfire, Maricopa, Arizona",https://eonet.gsfc.nasa.gov/api/v2.1/events/EONET_7060,https://irwin.doi.gov/observer/,2024-06-08,"[-112.257004, 32.840302]"
159,EONET_7072,"Owl Head Wildfire, Pinal, Arizona",https://eonet.gsfc.nasa.gov/api/v2.1/events/EONET_7072,https://irwin.doi.gov/observer/,2024-06-08,"[-111.128, 32.576]"
160,EONET_7084,"SPRINGS Wildfire, Siskiyou, California",https://eonet.gsfc.nasa.gov/api/v2.1/events/EONET_7084,https://irwin.doi.gov/observer/,2024-06-07,"[-122.520453, 41.474683]"
161,EONET_7092,"Cienega Creek Wildfire, Apache, Arizona",https://eonet.gsfc.nasa.gov/api/v2.1/events/EONET_7092,https://irwin.doi.gov/observer/,2024-06-07,"[-109.296455, 33.800217]"
162,EONET_7103,"Mesa Creek Wildfire, Mesa, Colorado",https://eonet.gsfc.nasa.gov/api/v2.1/events/EONET_7103,https://irwin.doi.gov/observer/,2024-06-07,"[-108.143062, 39.15743]"
163,EONET_7106,"Antone Wildfire, Catron, New Mexico",https://eonet.gsfc.nasa.gov/api/v2.1/events/EONET_7106,https://irwin.doi.gov/observer/,2024-06-07,"[-108.357917, 34.031095]"
164,EONET_7111,"Stevens Wildfire, Yukon-Koyukuk, Alaska",https://eonet.gsfc.nasa.gov/api/v2.1/events/EONET_7111,https://irwin.doi.gov/observer/,2024-06-07,"[-150.934167, 65.308]"
165,EONET_7115,"DRY CANYON Wildfire, Socorro, New Mexico",https://eonet.gsfc.nasa.gov/api/v2.1/events/EONET_7115,https://irwin.doi.gov/observer/,2024-06-07,"[-107.431325, 33.887073]"
166,EONET_7116,"DOG Wildfire, Nevada, California",https://eonet.gsfc.nasa.gov/api/v2.1/events/EONET_7116,https://irwin.doi.gov/observer/,2024-06-07,"[-120.144499, 39.41666]"
167,EONET_6654,Wildfire in Russian Federation 1019811,https://eonet.gsfc.nasa.gov/api/v2.1/events/EONET_6654,https://www.gdacs.org/report.aspx?eventtype=WF&amp;eventid=1019811,2024-06-07,"[136.20582288974563, 62.90873107616096]"
168,EONET_6671,Wildfire in The Democratic Republic of Congo 1019825,https://eonet.gsfc.nasa.gov/api/v2.1/events/EONET_6671,https://www.gdacs.org/report.aspx?eventtype=WF&amp;eventid=1019825,2024-06-07,"[18.22438570474103, -6.834666712799098]"
169,EONET_6675,Wildfire in The Democratic Republic of Congo 1019833,https://eonet.gsfc.nasa.gov/api/v2.1/events/EONET_6675,https://www.gdacs.org/report.aspx?eventtype=WF&amp;eventid=1019833,2024-06-07,"[22.804279480971644, -7.614658790039379]"
170,EONET_7120,"GARLOCK Wildfire, Fresno, California",https://eonet.gsfc.nasa.gov/api/v2.1/events/EONET_7120,https://irwin.doi.gov/observer/,2024-06-07,"[-119.514348, 36.991558]"
171,EONET_7134,"RAINING Wildfire, Santa Fe, New Mexico",https://eonet.gsfc.nasa.gov/api/v2.1/events/EONET_7134,https://irwin.doi.gov/observer/,2024-06-07,"[-106.284159, 35.121103]"
172,EONET_7139,"RIVER VIEW Wildfire, Yakima, Washington",https://eonet.gsfc.nasa.gov/api/v2.1/events/EONET_7139,https://irwin.doi.gov/observer/,2024-06-07,"[-120.512776, 46.633627]"
173,EONET_7148,"DELKENA Wildfire, Pend Oreille, Washington",https://eonet.gsfc.nasa.gov/api/v2.1/events/EONET_7148,https://irwin.doi.gov/observer/,2024-06-07,"[-117.315694, 48.389221]"
174,EONET_7152,"Strock Wildfire, Converse, Wyoming",https://eonet.gsfc.nasa.gov/api/v2.1/events/EONET_7152,https://irwin.doi.gov/observer/,2024-06-07,"[-105.504598, 42.781435]"
175,EONET_7162,"Mosquito Mayhem Wildfire, Douglas, Wisconsin",https://eonet.gsfc.nasa.gov/api/v2.1/events/EONET_7162,https://irwin.doi.gov/observer/,2024-06-07,"[-92.204, 46.57187]"
176,EONET_7163,"Mosquito Mayhem Wildfire, Douglas, Wisconsin",https://eonet.gsfc.nasa.gov/api/v2.1/events/EONET_7163,https://irwin.doi.gov/observer/,2024-06-07,"[-92.204, 46.57187]"
177,EONET_7164,"Gobbler Peak Wildfire, Apache, Arizona",https://eonet.gsfc.nasa.gov/api/v2.1/events/EONET_7164,https://irwin.doi.gov/observer/,2024-06-07,"[-109.251867, 33.926267]"
178,EONET_7178,"King Wildfire, Osage, Oklahoma",https://eonet.gsfc.nasa.gov/api/v2.1/events/EONET_7178,https://irwin.doi.gov/observer/,2024-06-07,"[-96.669167, 36.561111]"
179,EONET_7181,"MM 155 Wildfire, Sweetwater, Wyoming",https://eonet.gsfc.nasa.gov/api/v2.1/events/EONET_7181,https://irwin.doi.gov/observer/,2024-06-07,"[-108.350258, 41.631699]"
180,EONET_7187,"Say-HI Wildfire, Washburn, Wisconsin",https://eonet.gsfc.nasa.gov/api/v2.1/events/EONET_7187,https://irwin.doi.gov/observer/,2024-06-07,"[-91.78794, 45.97121]"
181,EONET_7195,"TEMPLIN Wildfire, Los Angeles, California",https://eonet.gsfc.nasa.gov/api/v2.1/events/EONET_7195,https://irwin.doi.gov/observer/,2024-06-07,"[-118.6884, 34.57014]"
182,EONET_7204,"VEG/JK/89A Wildfire, San Bernardino, California",https://eonet.gsfc.nasa.gov/api/v2.1/events/EONET_7204,https://irwin.doi.gov/observer/,2024-06-06,"[-117.631393, 34.593929]"
183,EONET_7216,"155 Wildfire, Kern, California",https://eonet.gsfc.nasa.gov/api/v2.1/events/EONET_7216,https://irwin.doi.gov/observer/,2024-06-06,"[-118.544794, 35.754241]"
184,EONET_7226,"ASSIST/STODDARD Wildfire, San Bernardino, California",https://eonet.gsfc.nasa.gov/api/v2.1/events/EONET_7226,https://irwin.doi.gov/observer/,2024-06-06,"[-117.289856, 34.554691]"
185,EONET_6642,Wildfire in Australia 1019803,https://eonet.gsfc.nasa.gov/api/v2.1/events/EONET_6642,https://www.gdacs.org/report.aspx?eventtype=WF&amp;eventid=1019803,2024-06-06,"[134.10774812831934, -12.083547147354954]"
186,EONET_7230,"Combination 2 Wildfire, Granite, Montana",https://eonet.gsfc.nasa.gov/api/v2.1/events/EONET_7230,https://irwin.doi.gov/observer/,2024-06-06,"[-113.447, 46.4214]"
187,EONET_7235,"Fossil Wildfire, Yukon-Koyukuk, Alaska",https://eonet.gsfc.nasa.gov/api/v2.1/events/EONET_7235,https://irwin.doi.gov/observer/,2024-06-06,"[-147.461867, 65.476417]"
188,EONET_7239,"US 2 mm611 Wildfire, Roosevelt, Montana",https://eonet.gsfc.nasa.gov/api/v2.1/events/EONET_7239,https://irwin.doi.gov/observer/,2024-06-06,"[-105.221493, 48.11298]"
189,EONET_7240,"Dry Forks Wildfire, Roosevelt, Montana",https://eonet.gsfc.nasa.gov/api/v2.1/events/EONET_7240,https://irwin.doi.gov/observer/,2024-06-06,"[-105.606705, 48.104646]"
190,EONET_7242,"US 2 mm610 Wildfire, Roosevelt, Montana",https://eonet.gsfc.nasa.gov/api/v2.1/events/EONET_7242,https://irwin.doi.gov/observer/,2024-06-06,"[-105.240582, 48.115867]"
191,EONET_7243,"ST HELENA HWY S RUTHERFORD Wildfire, Napa, California",https://eonet.gsfc.nasa.gov/api/v2.1/events/EONET_7243,https://irwin.doi.gov/observer/,2024-06-06,"[-122.151912, 38.449172]"
192,EONET_7244,"A Street West Wildfire, Roosevelt, Montana",https://eonet.gsfc.nasa.gov/api/v2.1/events/EONET_7244,https://irwin.doi.gov/observer/,2024-06-06,"[-105.199018, 48.107816]"
193,EONET_7245,"US 2 mm609 Wildfire, Roosevelt, Montana",https://eonet.gsfc.nasa.gov/api/v2.1/events/EONET_7245,https://irwin.doi.gov/observer/,2024-06-06,"[-105.242624, 48.116269]"
194,EONET_7246,"Poplar Rapid Wildfire, Roosevelt, Montana",https://eonet.gsfc.nasa.gov/api/v2.1/events/EONET_7246,https://irwin.doi.gov/observer/,2024-06-06,"[-105.19932, 48.11563]"
195,EONET_7248,"Dirt Wildfire, Roosevelt, Montana",https://eonet.gsfc.nasa.gov/api/v2.1/events/EONET_7248,https://irwin.doi.gov/observer/,2024-06-06,"[-105.636519, 48.081875]"
196,EONET_7249,"VEG/BO/82A Wildfire, San Bernardino, California",https://eonet.gsfc.nasa.gov/api/v2.1/events/EONET_7249,https://irwin.doi.gov/observer/,2024-06-06,"[-117.171494, 34.57534]"
197,EONET_7255,"Little Kobuk Wildfire, Northwest Arctic, Alaska",https://eonet.gsfc.nasa.gov/api/v2.1/events/EONET_7255,https://irwin.doi.gov/observer/,2024-06-06,"[-158.3, 67.023]"
198,EONET_7260,"BRAVO FIRE Wildfire, Coconino, Arizona",https://eonet.gsfc.nasa.gov/api/v2.1/events/EONET_7260,https://irwin.doi.gov/observer/,2024-06-06,"[-111.823145, 35.192143]"
199,EONET_7261,"I-5 MM 51 NB Wildfire, Jackson, Oregon",https://eonet.gsfc.nasa.gov/api/v2.1/events/EONET_7261,https://irwin.doi.gov/observer/,2024-06-06,"[-123.2018333, 42.42333333]"
200,EONET_7264,"MARKET Wildfire, Spokane, Washington",https://eonet.gsfc.nasa.gov/api/v2.1/events/EONET_7264,https://irwin.doi.gov/observer/,2024-06-06,"[-117.3563, 47.764888]"
201,EONET_7272,"Dutchy Way 403 Wildfire, Josephine, Oregon",https://eonet.gsfc.nasa.gov/api/v2.1/events/EONET_7272,https://irwin.doi.gov/observer/,2024-06-06,"[-123.519343, 42.4256503]"
202,EONET_7275,"Old Hwy 99 MM1 Wildfire, Josephine, Oregon",https://eonet.gsfc.nasa.gov/api/v2.1/events/EONET_7275,https://irwin.doi.gov/observer/,2024-06-06,"[-123.3718333, 42.5715]"
203,EONET_7277,"Scattering Springs Wildfire, Teton, Montana",https://eonet.gsfc.nasa.gov/api/v2.1/events/EONET_7277,https://irwin.doi.gov/observer/,2024-06-06,"[-112.828367, 47.61855]"
204,EONET_7278,"Sanitary Landfill Wildfire, Roosevelt, Montana",https://eonet.gsfc.nasa.gov/api/v2.1/events/EONET_7278,https://irwin.doi.gov/observer/,2024-06-06,"[-105.660833, 48.095278]"
205,EONET_7279,"Sunflower Lane 180 Wildfire, Josephine, Oregon",https://eonet.gsfc.nasa.gov/api/v2.1/events/EONET_7279,https://irwin.doi.gov/observer/,2024-06-06,"[-123.3584315, 42.4878218]"
206,EONET_7280,"Easy Lane Wildfire, Lane, Oregon",https://eonet.gsfc.nasa.gov/api/v2.1/events/EONET_7280,https://irwin.doi.gov/observer/,2024-06-06,"[-122.9235, 44.07816667]"
207,EONET_7293,"WARREN Wildfire, Calaveras, California",https://eonet.gsfc.nasa.gov/api/v2.1/events/EONET_7293,https://irwin.doi.gov/observer/,2024-06-05,"[-120.922042, 38.102942]"
208,EONET_7313,"training Wildfire, Del Norte, California",https://eonet.gsfc.nasa.gov/api/v2.1/events/EONET_7313,https://irwin.doi.gov/observer/,2024-06-05,"[-123.818001, 41.883499]"
209,EONET_7315,"GIRD 3 Wildfire, San Diego, California",https://eonet.gsfc.nasa.gov/api/v2.1/events/EONET_7315,https://irwin.doi.gov/observer/,2024-06-05,"[-117.195115, 33.315333]"
210,EONET_6643,Wildfire in Australia 1019804,https://eonet.gsfc.nasa.gov/api/v2.1/events/EONET_6643,https://www.gdacs.org/report.aspx?eventtype=WF&amp;eventid=1019804,2024-06-05,"[133.73476387483976, -13.848150833672523]"
211,EONET_6644,Wildfire in Australia 1019805,https://eonet.gsfc.nasa.gov/api/v2.1/events/EONET_6644,https://www.gdacs.org/report.aspx?eventtype=WF&amp;eventid=1019805,2024-06-05,"[134.12150373926113, -11.96769577790554]"
212,EONET_6655,Wildfire in Australia 1019812,https://eonet.gsfc.nasa.gov/api/v2.1/events/EONET_6655,https://www.gdacs.org/report.aspx?eventtype=WF&amp;eventid=1019812,2024-06-05,"[150.26053553971445, -22.49859268775955]"
213,EONET_8145,Wildfire in Australia 1019861,https://eonet.gsfc.nasa.gov/api/v2.1/events/EONET_8145,https://www.gdacs.org/report.aspx?eventtype=WF&amp;eventid=1019861,2024-06-05,"[133.38388871959586, -13.788948021841678]"
214,EONET_7333,"OVERPASS Wildfire, Malheur, Oregon",https://eonet.gsfc.nasa.gov/api/v2.1/events/EONET_7333,https://irwin.doi.gov/observer/,2024-06-05,"[-117.144729, 44.197902]"
215,EONET_7335,"CHERRY 2 Wildfire, Los Angeles, California",https://eonet.gsfc.nasa.gov/api/v2.1/events/EONET_7335,https://irwin.doi.gov/observer/,2024-06-05,"[-118.793017, 34.761333]"
216,EONET_7347,"Duggan Rd 13515 Wildfire, Jackson, Oregon",https://eonet.gsfc.nasa.gov/api/v2.1/events/EONET_7347,https://irwin.doi.gov/observer/,2024-06-05,"[-122.9516, 42.51338333]"
217,EONET_7356,"Sourdough Wildfire, La Paz, Arizona",https://eonet.gsfc.nasa.gov/api/v2.1/events/EONET_7356,https://irwin.doi.gov/observer/,2024-06-05,"[-114.507751, 33.66055]"
218,EONET_7359,"Johns Coffee Wildfire, Douglas, Oregon",https://eonet.gsfc.nasa.gov/api/v2.1/events/EONET_7359,https://irwin.doi.gov/observer/,2024-06-05,"[-123.0326167, 42.9962]"
219,EONET_7362,"Lozier Creek Wildfire, Josephine, Oregon",https://eonet.gsfc.nasa.gov/api/v2.1/events/EONET_7362,https://irwin.doi.gov/observer/,2024-06-05,"[-123.475833, 42.558]"
220,EONET_7363,"County X Wildfire, Burnett, Wisconsin",https://eonet.gsfc.nasa.gov/api/v2.1/events/EONET_7363,https://irwin.doi.gov/observer/,2024-06-05,"[-92.2693, 45.86374]"
221,EONET_7366,"HOLKOMA Wildfire, Fresno, California",https://eonet.gsfc.nasa.gov/api/v2.1/events/EONET_7366,https://irwin.doi.gov/observer/,2024-06-05,"[-119.325112, 36.9679]"
222,EONET_7377,"Saddle Wildfire, Maricopa, Arizona",https://eonet.gsfc.nasa.gov/api/v2.1/events/EONET_7377,https://irwin.doi.gov/observer/,2024-06-04,"[-113.022867, 33.471529]"
223,EONET_7390,"Labumba Wildfire, Graham, Arizona",https://eonet.gsfc.nasa.gov/api/v2.1/events/EONET_7390,https://irwin.doi.gov/observer/,2024-06-04,"[-110.457244, 33.297982]"
224,EONET_6645,Wildfire in Brazil 1019799,https://eonet.gsfc.nasa.gov/api/v2.1/events/EONET_6645,https://www.gdacs.org/report.aspx?eventtype=WF&amp;eventid=1019799,2024-06-04,"[-57.37297620876067, -18.814369531110685]"
225,EONET_6664,Wildfire in Australia 1019821,https://eonet.gsfc.nasa.gov/api/v2.1/events/EONET_6664,https://www.gdacs.org/report.aspx?eventtype=WF&amp;eventid=1019821,2024-06-04,"[143.61116708616163, -16.06831138557582]"
226,EONET_6676,Wildfire in Brazil 1019834,https://eonet.gsfc.nasa.gov/api/v2.1/events/EONET_6676,https://www.gdacs.org/report.aspx?eventtype=WF&amp;eventid=1019834,2024-06-04,"[-57.84113994357956, -19.892361764432856]"
227,EONET_7411,"LAURENTIAN Wildfire, Nevada, California",https://eonet.gsfc.nasa.gov/api/v2.1/events/EONET_7411,https://irwin.doi.gov/observer/,2024-06-04,"[-120.89552, 39.309948]"
228,EONET_7412,"Thunderstorm Wildfire, Iron, Wisconsin",https://eonet.gsfc.nasa.gov/api/v2.1/events/EONET_7412,https://irwin.doi.gov/observer/,2024-06-04,"[-90.1063, 46.18035]"
229,EONET_7415,"ASSIST/BDC/SMOKETREE Wildfire, San Bernardino, California",https://eonet.gsfc.nasa.gov/api/v2.1/events/EONET_7415,https://irwin.doi.gov/observer/,2024-06-04,"[-117.379791, 34.440926]"
230,EONET_7421,"Livingston Rd 4075 Wildfire, Jackson, Oregon",https://eonet.gsfc.nasa.gov/api/v2.1/events/EONET_7421,https://irwin.doi.gov/observer/,2024-06-04,"[-122.9785, 42.32833333]"
231,EONET_7432,"FALSE ALARM Wildfire, Los Angeles, California",https://eonet.gsfc.nasa.gov/api/v2.1/events/EONET_7432,https://irwin.doi.gov/observer/,2024-06-04,"[-118.671, 34.5785]"
232,EONET_7437,"Halstead Wildfire, Tulare, California",https://eonet.gsfc.nasa.gov/api/v2.1/events/EONET_7437,https://irwin.doi.gov/observer/,2024-06-04,"[-118.7865, 36.615667]"
233,EONET_7440,"KENNEDY Wildfire, Tulare, California",https://eonet.gsfc.nasa.gov/api/v2.1/events/EONET_7440,https://irwin.doi.gov/observer/,2024-06-04,"[-118.8125, 36.032778]"
234,EONET_7448,"HELLMAN AV / RIVER RD Wildfire, Riverside, California",https://eonet.gsfc.nasa.gov/api/v2.1/events/EONET_7448,https://irwin.doi.gov/observer/,2024-06-04,"[-117.617327, 33.924221]"
235,EONET_7461,"ASSIST/RRU/62A Wildfire, Riverside, California",https://eonet.gsfc.nasa.gov/api/v2.1/events/EONET_7461,https://irwin.doi.gov/observer/,2024-06-03,"[-114.6737, 33.7365]"
236,EONET_7470,"Bellmont Wildfire, Coconino, Arizona",https://eonet.gsfc.nasa.gov/api/v2.1/events/EONET_7470,https://irwin.doi.gov/observer/,2024-06-03,"[-111.833233, 35.2482]"
237,EONET_6641,"Wildfire in Brazil, Bolivia 1019798",https://eonet.gsfc.nasa.gov/api/v2.1/events/EONET_6641,https://www.gdacs.org/report.aspx?eventtype=WF&amp;eventid=1019798,2024-06-03,"[-57.75358205652401, -18.898720010358094]"
238,EONET_6646,Wildfire in Australia 1019806,https://eonet.gsfc.nasa.gov/api/v2.1/events/EONET_6646,https://www.gdacs.org/report.aspx?eventtype=WF&amp;eventid=1019806,2024-06-03,"[144.6657452766051, -16.90141406977167]"
239,EONET_6647,Wildfire in Australia 1019800,https://eonet.gsfc.nasa.gov/api/v2.1/events/EONET_6647,https://www.gdacs.org/report.aspx?eventtype=WF&amp;eventid=1019800,2024-06-03,"[136.27170574062526, -16.555345257617798]"
240,EONET_6648,Wildfire in Russian Federation 1019807,https://eonet.gsfc.nasa.gov/api/v2.1/events/EONET_6648,https://www.gdacs.org/report.aspx?eventtype=WF&amp;eventid=1019807,2024-06-03,"[127.44798146132302, 53.676452208880654]"
241,EONET_6656,Wildfire in Russian Federation 1019815,https://eonet.gsfc.nasa.gov/api/v2.1/events/EONET_6656,https://www.gdacs.org/report.aspx?eventtype=WF&amp;eventid=1019815,2024-06-03,"[120.95407164417949, 55.2918153966244]"
242,EONET_6657,Wildfire in Australia 1019813,https://eonet.gsfc.nasa.gov/api/v2.1/events/EONET_6657,https://www.gdacs.org/report.aspx?eventtype=WF&amp;eventid=1019813,2024-06-03,"[144.70858120285877, -17.218098619466126]"
243,EONET_6658,Wildfire in Brazil 1019814,https://eonet.gsfc.nasa.gov/api/v2.1/events/EONET_6658,https://www.gdacs.org/report.aspx?eventtype=WF&amp;eventid=1019814,2024-06-03,"[-57.52092101592915, -18.49604907313514]"
244,EONET_7491,"PALISADES ORCHARD Wildfire, Douglas, Washington",https://eonet.gsfc.nasa.gov/api/v2.1/events/EONET_7491,https://irwin.doi.gov/observer/,2024-06-03,"[-120.037399, 47.313376]"
245,EONET_7493,"ASSIST/BDC/83A Wildfire, San Bernardino, California",https://eonet.gsfc.nasa.gov/api/v2.1/events/EONET_7493,https://irwin.doi.gov/observer/,2024-06-03,"[-117.016208, 34.480625]"
246,EONET_7496,"Schultz Wildfire, Washburn, Wisconsin",https://eonet.gsfc.nasa.gov/api/v2.1/events/EONET_7496,https://irwin.doi.gov/observer/,2024-06-03,"[-91.554, 45.83429]"
247,EONET_7499,"Murphy Wildfire, Sawyer, Wisconsin",https://eonet.gsfc.nasa.gov/api/v2.1/events/EONET_7499,https://irwin.doi.gov/observer/,2024-06-03,"[-91.2528, 46.10346]"
248,EONET_7503,"La Clocha 2 Wildfire, Brewster, Texas",https://eonet.gsfc.nasa.gov/api/v2.1/events/EONET_7503,https://irwin.doi.gov/observer/,2024-06-03,"[-103.013203, 29.145136]"
249,EONET_7507,"Second Pond Wildfire, Rosebud, Montana",https://eonet.gsfc.nasa.gov/api/v2.1/events/EONET_7507,https://irwin.doi.gov/observer/,2024-06-03,"[-106.521083, 45.615]"
250,EONET_7511,"Bonfire Wildfire, Yellowstone, Montana",https://eonet.gsfc.nasa.gov/api/v2.1/events/EONET_7511,https://irwin.doi.gov/observer/,2024-06-03,"[-108.645233, 46.030067]"
251,EONET_7525,"ASSIST/KRN/WEST Wildfire, Kern, California",https://eonet.gsfc.nasa.gov/api/v2.1/events/EONET_7525,https://irwin.doi.gov/observer/,2024-06-03,"[-118.254, 34.91]"
252,EONET_7537,"Adams Wildfire, Maricopa, Arizona",https://eonet.gsfc.nasa.gov/api/v2.1/events/EONET_7537,https://irwin.doi.gov/observer/,2024-06-02,"[-111.562, 33.6734]"
253,EONET_6649,Wildfire in Russian Federation 1019801,https://eonet.gsfc.nasa.gov/api/v2.1/events/EONET_6649,https://www.gdacs.org/report.aspx?eventtype=WF&amp;eventid=1019801,2024-06-02,"[121.99204725299639, 55.401798533886925]"
254,EONET_6659,Wildfire in Brazil 1019816,https://eonet.gsfc.nasa.gov/api/v2.1/events/EONET_6659,https://www.gdacs.org/report.aspx?eventtype=WF&amp;eventid=1019816,2024-06-02,"[-57.47065769111315, -18.683203631475283]"
255,EONET_6660,Wildfire in Russian Federation 1019817,https://eonet.gsfc.nasa.gov/api/v2.1/events/EONET_6660,https://www.gdacs.org/report.aspx?eventtype=WF&amp;eventid=1019817,2024-06-02,"[119.37803475618749, 54.68757331752868]"
256,EONET_6672,Wildfire in Russian Federation 1019826,https://eonet.gsfc.nasa.gov/api/v2.1/events/EONET_6672,https://www.gdacs.org/report.aspx?eventtype=WF&amp;eventid=1019826,2024-06-02,"[125.55888752268412, 54.34565424174289]"
257,EONET_6677,Wildfire in Russian Federation 1019835,https://eonet.gsfc.nasa.gov/api/v2.1/events/EONET_6677,https://www.gdacs.org/report.aspx?eventtype=WF&amp;eventid=1019835,2024-06-02,"[124.7179045041237, 54.04540726221549]"
258,EONET_7555,"Diamond Creek Wildfire, Navajo, Arizona",https://eonet.gsfc.nasa.gov/api/v2.1/events/EONET_7555,https://irwin.doi.gov/observer/,2024-06-02,"[-109.946359, 33.898037]"
259,EONET_7557,"AVE 52 Wildfire, Riverside, California",https://eonet.gsfc.nasa.gov/api/v2.1/events/EONET_7557,https://irwin.doi.gov/observer/,2024-06-02,"[-116.10882, 33.67148]"
260,EONET_7576,"Crook Wildfire, Coconino, Arizona",https://eonet.gsfc.nasa.gov/api/v2.1/events/EONET_7576,https://irwin.doi.gov/observer/,2024-06-02,"[-111.476, 34.507]"
261,EONET_7583,"STETSON Wildfire, Yakima, Washington",https://eonet.gsfc.nasa.gov/api/v2.1/events/EONET_7583,https://irwin.doi.gov/observer/,2024-06-02,"[-120.520712, 46.730841]"
262,EONET_7584,"E YERMO RD  YERMO Wildfire, San Bernardino, California",https://eonet.gsfc.nasa.gov/api/v2.1/events/EONET_7584,https://irwin.doi.gov/observer/,2024-06-02,"[-116.85771, 34.901102]"
263,EONET_7587,"Coyote Wildfire, Gila, Arizona",https://eonet.gsfc.nasa.gov/api/v2.1/events/EONET_7587,https://irwin.doi.gov/observer/,2024-06-02,"[-110.788, 33.8022]"
264,EONET_7603,"GODBERSON RD Wildfire, Wasco, Oregon",https://eonet.gsfc.nasa.gov/api/v2.1/events/EONET_7603,https://irwin.doi.gov/observer/,2024-06-01,"[-121.39124, 45.6446]"
265,EONET_7614,"Rodeo Road Wildfire, Grant, New Mexico",https://eonet.gsfc.nasa.gov/api/v2.1/events/EONET_7614,https://irwin.doi.gov/observer/,2024-06-01,"[-108.257677, 34.585419]"
266,EONET_7627,"Grill FA Wildfire, Yavapai, Arizona",https://eonet.gsfc.nasa.gov/api/v2.1/events/EONET_7627,https://irwin.doi.gov/observer/,2024-06-01,"[-112.28096, 33.927694]"
267,EONET_6650,Wildfire in Russian Federation 1019802,https://eonet.gsfc.nasa.gov/api/v2.1/events/EONET_6650,https://www.gdacs.org/report.aspx?eventtype=WF&amp;eventid=1019802,2024-06-01,"[126.75925037528762, 56.448723974311015]"
268,EONET_6661,Wildfire in Russian Federation 1019818,https://eonet.gsfc.nasa.gov/api/v2.1/events/EONET_6661,https://www.gdacs.org/report.aspx?eventtype=WF&amp;eventid=1019818,2024-06-01,"[131.02497789067206, 59.06746040136188]"
269,EONET_7641,"Kortsen II Wildfire, Pinal, Arizona",https://eonet.gsfc.nasa.gov/api/v2.1/events/EONET_7641,https://irwin.doi.gov/observer/,2024-06-01,"[-111.981389, 32.908333]"
270,EONET_7666,"BORDER 52 Wildfire, San Diego, California",https://eonet.gsfc.nasa.gov/api/v2.1/events/EONET_7666,https://irwin.doi.gov/observer/,2024-06-01,"[-116.853, 32.587]"
271,EONET_7668,"Copper Wildfire, Yavapai, Arizona",https://eonet.gsfc.nasa.gov/api/v2.1/events/EONET_7668,https://irwin.doi.gov/observer/,2024-06-01,"[-111.910004, 34.536701]"
272,EONET_7685,"Mtn Village Dump Wildfire, Kusilvak, Alaska",https://eonet.gsfc.nasa.gov/api/v2.1/events/EONET_7685,https://irwin.doi.gov/observer/,2024-06-01,"[-163.753967, 62.11119]"
273,EONET_7693,"Gardner Gulch Wildfire, El Paso, Colorado",https://eonet.gsfc.nasa.gov/api/v2.1/events/EONET_7693,https://irwin.doi.gov/observer/,2024-05-31,"[-104.8922, 38.8182]"
274,EONET_7696,"LETSOM MT. Wildfire, Lane, Oregon",https://eonet.gsfc.nasa.gov/api/v2.1/events/EONET_7696,https://irwin.doi.gov/observer/,2024-05-31,"[-123.4691667, 43.90805556]"
275,EONET_7721,"Scrambler Wildfire, Oconto, Wisconsin",https://eonet.gsfc.nasa.gov/api/v2.1/events/EONET_7721,https://irwin.doi.gov/observer/,2024-05-31,"[-88.44893, 44.92746]"
276,EONET_7725,"Sulfur Wildfire, Monroe, Wisconsin",https://eonet.gsfc.nasa.gov/api/v2.1/events/EONET_7725,https://irwin.doi.gov/observer/,2024-05-31,"[-90.67529, 43.93207]"
277,EONET_7729,"Jackman Wildfire, Bayfield, Wisconsin",https://eonet.gsfc.nasa.gov/api/v2.1/events/EONET_7729,https://irwin.doi.gov/observer/,2024-05-31,"[-91.37752, 46.5665]"
278,EONET_7731,"Mill Dam Wildfire, Marion, Florida",https://eonet.gsfc.nasa.gov/api/v2.1/events/EONET_7731,https://irwin.doi.gov/observer/,2024-05-31,"[-81.838, 29.188333]"
279,EONET_7735,"CORNER Wildfire, Tulare, California",https://eonet.gsfc.nasa.gov/api/v2.1/events/EONET_7735,https://irwin.doi.gov/observer/,2024-05-30,"[-118.827696, 36.015667]"
280,EONET_7739,"REST HAVEN Wildfire, Yakima, Washington",https://eonet.gsfc.nasa.gov/api/v2.1/events/EONET_7739,https://irwin.doi.gov/observer/,2024-05-30,"[-120.484394, 46.618872]"
281,EONET_7743,"Tarzan Wildfire, Gila, Arizona",https://eonet.gsfc.nasa.gov/api/v2.1/events/EONET_7743,https://irwin.doi.gov/observer/,2024-05-30,"[-110.61, 33.3622]"
282,EONET_6651,Wildfire in Mexico 1019808,https://eonet.gsfc.nasa.gov/api/v2.1/events/EONET_6651,https://www.gdacs.org/report.aspx?eventtype=WF&amp;eventid=1019808,2024-05-30,"[-108.82495967429617, 28.233787554897102]"
283,EONET_6662,Wildfire in Russian Federation 1019819,https://eonet.gsfc.nasa.gov/api/v2.1/events/EONET_6662,https://www.gdacs.org/report.aspx?eventtype=WF&amp;eventid=1019819,2024-05-30,"[124.10128911457811, 55.01249279881896]"
284,EONET_6665,Wildfire in Brazil 1019822,https://eonet.gsfc.nasa.gov/api/v2.1/events/EONET_6665,https://www.gdacs.org/report.aspx?eventtype=WF&amp;eventid=1019822,2024-05-30,"[-57.18437845583988, -17.28776176771701]"
285,EONET_7747,"Alvon Wildfire, Greenbrier, West Virginia",https://eonet.gsfc.nasa.gov/api/v2.1/events/EONET_7747,https://irwin.doi.gov/observer/,2024-05-30,"[-80.205683, 37.921192]"
286,EONET_7750,"128 Wildfire, Waushara, Wisconsin",https://eonet.gsfc.nasa.gov/api/v2.1/events/EONET_7750,https://irwin.doi.gov/observer/,2024-05-30,"[-89.53214, 44.09012]"
287,EONET_7753,"407 Wildfire, Collier, Florida",https://eonet.gsfc.nasa.gov/api/v2.1/events/EONET_7753,https://irwin.doi.gov/observer/,2024-05-30,"[-80.89175, 25.9258]"
288,EONET_7755,"CANAL Wildfire, Madera, California",https://eonet.gsfc.nasa.gov/api/v2.1/events/EONET_7755,https://irwin.doi.gov/observer/,2024-05-30,"[-119.97038, 37.07259]"
289,EONET_7756,"Pink Peony Wildfire, Langlade, Wisconsin",https://eonet.gsfc.nasa.gov/api/v2.1/events/EONET_7756,https://irwin.doi.gov/observer/,2024-05-30,"[-88.77384, 45.13907]"
290,EONET_7763,"STARR ROAD Wildfire, Okanogan, Washington",https://eonet.gsfc.nasa.gov/api/v2.1/events/EONET_7763,https://irwin.doi.gov/observer/,2024-05-30,"[-119.884521, 48.02657]"
291,EONET_7780,"China Wildfire, Baker, Oregon",https://eonet.gsfc.nasa.gov/api/v2.1/events/EONET_7780,https://irwin.doi.gov/observer/,2024-05-29,"[-118.1877, 44.578883]"
292,EONET_6652,Wildfire in Russian Federation 1019809,https://eonet.gsfc.nasa.gov/api/v2.1/events/EONET_6652,https://www.gdacs.org/report.aspx?eventtype=WF&amp;eventid=1019809,2024-05-28,"[120.6966930486266, 55.661517248377486]"
293,EONET_7824,"Posted Wildfire, Oneida, Wisconsin",https://eonet.gsfc.nasa.gov/api/v2.1/events/EONET_7824,https://irwin.doi.gov/observer/,2024-05-28,"[-89.3302, 45.8656]"
294,EONET_7825,"Pollen Wildfire, Oneida, Wisconsin",https://eonet.gsfc.nasa.gov/api/v2.1/events/EONET_7825,https://irwin.doi.gov/observer/,2024-05-28,"[-89.3094, 45.8867]"
295,EONET_7833,"Southbound #2 Wildfire, Douglas, Wisconsin",https://eonet.gsfc.nasa.gov/api/v2.1/events/EONET_7833,https://irwin.doi.gov/observer/,2024-05-28,"[-91.93065, 46.60237]"
296,EONET_7834,"Southbound #1 Wildfire, Douglas, Wisconsin",https://eonet.gsfc.nasa.gov/api/v2.1/events/EONET_7834,https://irwin.doi.gov/observer/,2024-05-28,"[-91.93065, 46.60237]"
297,EONET_7835,"Rice Bay Wildfire, Vilas, Wisconsin",https://eonet.gsfc.nasa.gov/api/v2.1/events/EONET_7835,https://irwin.doi.gov/observer/,2024-05-28,"[-89.7897, 46.1266]"
298,EONET_7837,"Peaceful Waters Wildfire, Washburn, Wisconsin",https://eonet.gsfc.nasa.gov/api/v2.1/events/EONET_7837,https://irwin.doi.gov/observer/,2024-05-28,"[-92.00624, 46.06705]"
299,EONET_7838,"Big Bend Wildfire, Burnett, Wisconsin",https://eonet.gsfc.nasa.gov/api/v2.1/events/EONET_7838,https://irwin.doi.gov/observer/,2024-05-28,"[-92.30564, 45.96995]"
300,EONET_7839,"Popple Fuzz 2 Wildfire, Burnett, Wisconsin",https://eonet.gsfc.nasa.gov/api/v2.1/events/EONET_7839,https://irwin.doi.gov/observer/,2024-05-28,"[-92.40662, 45.87962]"
301,EONET_7840,"Fridge Fire Wildfire, Douglas, Wisconsin",https://eonet.gsfc.nasa.gov/api/v2.1/events/EONET_7840,https://irwin.doi.gov/observer/,2024-05-28,"[-91.7251, 46.2226]"
302,EONET_6653,Wildfire in Bolivia 1019810,https://eonet.gsfc.nasa.gov/api/v2.1/events/EONET_6653,https://www.gdacs.org/report.aspx?eventtype=WF&amp;eventid=1019810,2024-05-27,"[-60.61688015436355, -15.837595514842604]"
303,EONET_7882,"Atchuelinguk Wildfire, Kusilvak, Alaska",https://eonet.gsfc.nasa.gov/api/v2.1/events/EONET_7882,https://irwin.doi.gov/observer/,2024-05-26,"[-162.04, 62.35]"
304,EONET_7886,"Pine Point Wildfire, Lincoln, Wisconsin",https://eonet.gsfc.nasa.gov/api/v2.1/events/EONET_7886,https://irwin.doi.gov/observer/,2024-05-25,"[-89.6386, 45.4847]"
305,EONET_7904,"Upper Bear Wildfire, Greenlee, Arizona",https://eonet.gsfc.nasa.gov/api/v2.1/events/EONET_7904,https://irwin.doi.gov/observer/,2024-05-24,"[-109.390167, 33.568]"
306,EONET_7906,"20th ave Wildfire, Marquette, Wisconsin",https://eonet.gsfc.nasa.gov/api/v2.1/events/EONET_7906,https://irwin.doi.gov/observer/,2024-05-24,"[-89.2186, 43.94386]"
307,EONET_7908,"East Fence Wildfire, Vilas, Wisconsin",https://eonet.gsfc.nasa.gov/api/v2.1/events/EONET_7908,https://irwin.doi.gov/observer/,2024-05-24,"[-89.81415, 45.93689]"
308,EONET_7909,"Popple Fuzz Wildfire, Burnett, Wisconsin",https://eonet.gsfc.nasa.gov/api/v2.1/events/EONET_7909,https://irwin.doi.gov/observer/,2024-05-24,"[-92.1713, 45.96021]"
309,EONET_7916,"SHOOTER Wildfire, Pima, Arizona",https://eonet.gsfc.nasa.gov/api/v2.1/events/EONET_7916,https://irwin.doi.gov/observer/,2024-05-23,"[-110.666828, 32.247434]"
310,EONET_6636,Wildfire in Russian Federation 1019796,https://eonet.gsfc.nasa.gov/api/v2.1/events/EONET_6636,https://www.gdacs.org/report.aspx?eventtype=WF&amp;eventid=1019796,2024-05-22,"[115.24246554767954, 56.28980608913218]"
311,EONET_7929,"Chitty Wildfire, Greenlee, Arizona",https://eonet.gsfc.nasa.gov/api/v2.1/events/EONET_7929,https://irwin.doi.gov/observer/,2024-05-22,"[-109.37915, 33.57065]"
312,EONET_7934,"PEG LEG Wildfire, Pinal, Arizona",https://eonet.gsfc.nasa.gov/api/v2.1/events/EONET_7934,https://irwin.doi.gov/observer/,2024-05-22,"[-111.077506, 33.074101]"
313,EONET_7936,"Sanderson Creek Coal Seam Wildfire, Denali, Alaska",https://eonet.gsfc.nasa.gov/api/v2.1/events/EONET_7936,https://irwin.doi.gov/observer/,2024-05-21,"[-148.708183, 63.919483]"
314,EONET_6637,Wildfire in Russian Federation 1019797,https://eonet.gsfc.nasa.gov/api/v2.1/events/EONET_6637,https://www.gdacs.org/report.aspx?eventtype=WF&amp;eventid=1019797,2024-05-21,"[116.22810877594469, 54.44795607192798]"
315,EONET_7964,"Skull Fire Wildfire, Columbia, Wisconsin",https://eonet.gsfc.nasa.gov/api/v2.1/events/EONET_7964,https://irwin.doi.gov/observer/,2024-05-20,"[-89.41511, 43.52037]"
316,EONET_7968,"Zirconium Wildfire, Monroe, Wisconsin",https://eonet.gsfc.nasa.gov/api/v2.1/events/EONET_7968,https://irwin.doi.gov/observer/,2024-05-20,"[-90.44669, 44.08636]"
317,EONET_7969,"Shutdown Wildfire, Juneau, Wisconsin",https://eonet.gsfc.nasa.gov/api/v2.1/events/EONET_7969,https://irwin.doi.gov/observer/,2024-05-20,"[-90.04768, 44.0274]"
318,EONET_7976,"Indios Wildfire, Rio Arriba, New Mexico",https://eonet.gsfc.nasa.gov/api/v2.1/events/EONET_7976,https://irwin.doi.gov/observer/,2024-05-19,"[-106.903152, 36.182269]"
319,EONET_7977,"Drive By Wildfire, Lincoln, Wisconsin",https://eonet.gsfc.nasa.gov/api/v2.1/events/EONET_7977,https://irwin.doi.gov/observer/,2024-05-19,"[-89.646, 45.17314]"
320,EONET_7987,"SOY - Wilhoit Wildfire, Yavapai, Arizona",https://eonet.gsfc.nasa.gov/api/v2.1/events/EONET_7987,https://irwin.doi.gov/observer/,2024-05-18,"[-112.58684, 34.425859]"
321,EONET_7989,"Pelican Hills Wildfire, Oneida, Wisconsin",https://eonet.gsfc.nasa.gov/api/v2.1/events/EONET_7989,https://irwin.doi.gov/observer/,2024-05-18,"[-89.21769, 45.48661]"
322,EONET_7992,"Sumac Wildfire, Oconto, Wisconsin",https://eonet.gsfc.nasa.gov/api/v2.1/events/EONET_7992,https://irwin.doi.gov/observer/,2024-05-18,"[-88.41506, 45.12345]"
323,EONET_7993,"23 South Wildfire, Marquette, Wisconsin",https://eonet.gsfc.nasa.gov/api/v2.1/events/EONET_7993,https://irwin.doi.gov/observer/,2024-05-18,"[-89.43764, 43.78998]"
324,EONET_8001,"Fawn Wildfire, Marquette, Wisconsin",https://eonet.gsfc.nasa.gov/api/v2.1/events/EONET_8001,https://irwin.doi.gov/observer/,2024-05-17,"[-89.56022, 43.81151]"
325,EONET_8004,"Co Rd Y Wildfire, Marquette, Wisconsin",https://eonet.gsfc.nasa.gov/api/v2.1/events/EONET_8004,https://irwin.doi.gov/observer/,2024-05-17,"[-89.34412, 43.83121]"
326,EONET_8012,"BLUE 2 Wildfire, Lincoln, New Mexico",https://eonet.gsfc.nasa.gov/api/v2.1/events/EONET_8012,https://irwin.doi.gov/observer/,2024-05-16,"[-105.802306, 33.425972]"
327,EONET_8014,"Gale Dr Wildfire, Marquette, Wisconsin",https://eonet.gsfc.nasa.gov/api/v2.1/events/EONET_8014,https://irwin.doi.gov/observer/,2024-05-16,"[-89.50894, 43.72627]"
328,EONET_8015,"Rainbows Wildfire, Columbia, Wisconsin",https://eonet.gsfc.nasa.gov/api/v2.1/events/EONET_8015,https://irwin.doi.gov/observer/,2024-05-16,"[-89.0528, 43.41412]"
329,EONET_8018,"Popovitch Creek Coal Seam Wildfire, Denali, Alaska",https://eonet.gsfc.nasa.gov/api/v2.1/events/EONET_8018,https://irwin.doi.gov/observer/,2024-05-16,"[-148.847497, 63.928526]"
330,EONET_8030,"Chicken Wildfire, Utah, Utah",https://eonet.gsfc.nasa.gov/api/v2.1/events/EONET_8030,https://irwin.doi.gov/observer/,2024-05-15,"[-111.80401, 40.039861]"
331,EONET_8031,"Hwy 3 Wildfire, Lake, Minnesota",https://eonet.gsfc.nasa.gov/api/v2.1/events/EONET_8031,https://irwin.doi.gov/observer/,2024-05-15,"[-91.63546, 47.05187]"
332,EONET_8034,"Drag Wildfire, Vilas, Wisconsin",https://eonet.gsfc.nasa.gov/api/v2.1/events/EONET_8034,https://irwin.doi.gov/observer/,2024-05-15,"[-89.3358, 46.04036]"
333,EONET_8036,"Minonk Wildfire, Vilas, Wisconsin",https://eonet.gsfc.nasa.gov/api/v2.1/events/EONET_8036,https://irwin.doi.gov/observer/,2024-05-15,"[-89.77166, 46.24502]"
334,EONET_8042,"Spruce Creek Wildfire, Montezuma, Colorado",https://eonet.gsfc.nasa.gov/api/v2.1/events/EONET_8042,https://irwin.doi.gov/observer/,2024-05-14,"[-108.341806, 37.560778]"
335,EONET_8044,"Highway O Wildfire, Oneida, Wisconsin",https://eonet.gsfc.nasa.gov/api/v2.1/events/EONET_8044,https://irwin.doi.gov/observer/,2024-05-14,"[-89.43543, 45.89794]"
336,EONET_8045,"Ridgeway Wildfire, Oneida, Wisconsin",https://eonet.gsfc.nasa.gov/api/v2.1/events/EONET_8045,https://irwin.doi.gov/observer/,2024-05-14,"[-89.49581, 45.79809]"
337,EONET_8051,"REAY Wildfire, Graham, Arizona",https://eonet.gsfc.nasa.gov/api/v2.1/events/EONET_8051,https://irwin.doi.gov/observer/,2024-05-13,"[-109.8, 32.896]"
338,EONET_8052,"Wolf Wildfire, Sawyer, Wisconsin",https://eonet.gsfc.nasa.gov/api/v2.1/events/EONET_8052,https://irwin.doi.gov/observer/,2024-05-13,"[-91.48288, 45.93973]"
339,EONET_8055,"Saari Wildfire, Price, Wisconsin",https://eonet.gsfc.nasa.gov/api/v2.1/events/EONET_8055,https://irwin.doi.gov/observer/,2024-05-13,"[-90.28418, 45.38623]"
340,EONET_8060,"Compton Wildfire, Bayfield, Wisconsin",https://eonet.gsfc.nasa.gov/api/v2.1/events/EONET_8060,https://irwin.doi.gov/observer/,2024-05-13,"[-90.82506, 46.87233]"
341,EONET_8064,"Birch Circle Wildfire, Rusk, Wisconsin",https://eonet.gsfc.nasa.gov/api/v2.1/events/EONET_8064,https://irwin.doi.gov/observer/,2024-05-13,"[-91.18655, 45.41304]"
342,EONET_8070,"Big Sand Wildfire, Cass, Minnesota",https://eonet.gsfc.nasa.gov/api/v2.1/events/EONET_8070,https://irwin.doi.gov/observer/,2024-05-12,"[-93.924566, 47.072972]"
343,EONET_8071,"Rd 54 Wildfire, St. Louis, Minnesota",https://eonet.gsfc.nasa.gov/api/v2.1/events/EONET_8071,https://irwin.doi.gov/observer/,2024-05-12,"[-92.253171, 47.503823]"
344,EONET_8073,"Grace Wildfire, St. Louis, Minnesota",https://eonet.gsfc.nasa.gov/api/v2.1/events/EONET_8073,https://irwin.doi.gov/observer/,2024-05-12,"[-92.89346, 47.453577]"
345,EONET_8074,"Redwood Wildfire, St. Louis, Minnesota",https://eonet.gsfc.nasa.gov/api/v2.1/events/EONET_8074,https://irwin.doi.gov/observer/,2024-05-12,"[-92.543592, 47.593117]"
346,EONET_8075,"Moose Lake Wildfire, Sawyer, Wisconsin",https://eonet.gsfc.nasa.gov/api/v2.1/events/EONET_8075,https://irwin.doi.gov/observer/,2024-05-12,"[-91.06855, 46.023333]"
347,EONET_8076,"Intersection Wildfire, St. Louis, Minnesota",https://eonet.gsfc.nasa.gov/api/v2.1/events/EONET_8076,https://irwin.doi.gov/observer/,2024-05-12,"[-92.957726, 47.414131]"
348,EONET_8094,"TRAINING 3 Wildfire, Fresno, California",https://eonet.gsfc.nasa.gov/api/v2.1/events/EONET_8094,https://irwin.doi.gov/observer/,2024-05-09,"[-119.767456, 35.278698]"
349,EONET_8097,"Galena Dump Wildfire, Yukon-Koyukuk, Alaska",https://eonet.gsfc.nasa.gov/api/v2.1/events/EONET_8097,https://irwin.doi.gov/observer/,2024-05-08,"[-156.73, 64.7]"
350,EONET_8120,"844 Wildfire, McKenzie, North Dakota",https://eonet.gsfc.nasa.gov/api/v2.1/events/EONET_8120,https://irwin.doi.gov/observer/,2024-05-05,"[-103.736997, 47.633879]"
351,EONET_8121,"Icy Bay Wildfire, Yakutat, Alaska",https://eonet.gsfc.nasa.gov/api/v2.1/events/EONET_8121,https://irwin.doi.gov/observer/,2024-05-04,"[-141.66544, 59.969476]"
352,EONET_8135,"Miller Wildfire, Pinal, Arizona",https://eonet.gsfc.nasa.gov/api/v2.1/events/EONET_8135,https://irwin.doi.gov/observer/,2024-05-01,"[-112.051642, 32.901733]"
353,EONET_6615,"Boggsvillle Wildfire, Bent, Colorado",https://eonet.gsfc.nasa.gov/api/v2.1/events/EONET_6615,https://irwin.doi.gov/observer/,2024-03-02,"[-103.266348, 37.815952]"
354,EONET_6612,"Happy Jack Wildfire, Laramie, Wyoming",https://eonet.gsfc.nasa.gov/api/v2.1/events/EONET_6612,https://irwin.doi.gov/observer/,2024-03-01,"[-105.098648, 41.192187]"
355,EONET_6608,"Range 50B Wildfire, Perry, Mississippi",https://eonet.gsfc.nasa.gov/api/v2.1/events/EONET_6608,https://irwin.doi.gov/observer/,2024-02-28,"[-89.0933, 31.143333]"
356,EONET_6493,"Magenta Fire, Texas,US",https://eonet.gsfc.nasa.gov/api/v2.1/events/EONET_6493,https://inciweb.nwcg.gov/incident-information/txtxs-magenta-fire,2024-02-27,"[-102.252503, 35.503164]"
357,EONET_6598,"MA North Stinnett Wildfire, Hutchinson, Texas",https://eonet.gsfc.nasa.gov/api/v2.1/events/EONET_6598,https://irwin.doi.gov/observer/,2024-02-26,"[-101.484489, 35.825155]"
358,EONET_6597,"Betty&#039;s Way Wildfire, Lincoln, Nebraska",https://eonet.gsfc.nasa.gov/api/v2.1/events/EONET_6597,https://irwin.doi.gov/observer/,2024-02-26,"[-100.57133, 41.48738]"
359,EONET_6594,"MA North CIG Wildfire, Moore, Texas",https://eonet.gsfc.nasa.gov/api/v2.1/events/EONET_6594,https://irwin.doi.gov/observer/,2024-02-26,"[-101.729965, 35.632396]"
360,EONET_6490,"Smokehouse Creek Fire, Texas, US",https://eonet.gsfc.nasa.gov/api/v2.1/events/EONET_6490,https://inciweb.nwcg.gov/incident-information/txtxs-smokehouse-creek-fire,2024-02-26,"[-101.432647, 35.84875]"
361,EONET_6491,"Grape Vine Creek Fire, Texas, US",https://eonet.gsfc.nasa.gov/api/v2.1/events/EONET_6491,https://inciweb.nwcg.gov/incident-information/txtxs-grape-vine-creek-fire,2024-02-26,"[-100.824622, 35.459831]"
362,EONET_6492,"Windy Deuce Fire, Texas, US",https://eonet.gsfc.nasa.gov/api/v2.1/events/EONET_6492,https://inciweb.nwcg.gov/incident-information/txtxs-windy-deuce-fire,2024-02-26,"[-101.851, 35.631]"
363,EONET_6585,"Chewalla Creek Wildfire, Marshall, Mississippi",https://eonet.gsfc.nasa.gov/api/v2.1/events/EONET_6585,https://irwin.doi.gov/observer/,2024-02-20,"[-89.31971, 34.78923]"
364,EONET_6583,"Dry Prong Wildfire, Perry, Mississippi",https://eonet.gsfc.nasa.gov/api/v2.1/events/EONET_6583,https://irwin.doi.gov/observer/,2024-01-21,"[-89.131167, 31.158833]"
365,EONET_6450,Wvnrp Steep Valley Fire Information,https://eonet.gsfc.nasa.gov/api/v2.1/events/EONET_6450,http://inciweb.nwcg.gov/incident-information/wvnrp-steep-valley-fire,2023-11-06,"[-80.7903, 37.9125]"
366,EONET_6418,Peacock Fire Information,https://eonet.gsfc.nasa.gov/api/v2.1/events/EONET_6418,http://inciweb.nwcg.gov/incident-information/txtxs-peacock-fire,2023-09-04,"[-100.3936, 33.2128]"
367,EONET_6427,Olympic National Park Lightning Fires,https://eonet.gsfc.nasa.gov/api/v2.1/events/EONET_6427,http://inciweb.nwcg.gov/incident-information/waolp-2023-olympic-national-park-lightning-fires,2023-08-28,"[-123.5278, 47.7369]"
368,EONET_6388,Flat Fire Information,https://eonet.gsfc.nasa.gov/api/v2.1/events/EONET_6388,http://inciweb.nwcg.gov/incident-information/xx1002-flat-fire,2023-07-15,"[-124.0372, 42.5158]"
369,EONET_6370,"Wilbur Fire, Arizona",https://eonet.gsfc.nasa.gov/api/v2.1/events/EONET_6370,https://inciweb.nwcg.gov/incident-information/azcof-wilbur-fire,2023-05-21,"[-111.466806, 34.551083]"
370,EONET_6350,"Major Fire, Ocala National Forest, Florida, United States",https://eonet.gsfc.nasa.gov/api/v2.1/events/EONET_6350,http://inciweb.nwcg.gov/incident-information/flfnf-major,2023-04-27,"[-81.688889, 29.229722]"
371,EONET_6343,Great Lake Fire,https://eonet.gsfc.nasa.gov/api/v2.1/events/EONET_6343,http://inciweb.nwcg.gov/incident-information/ncncf-great-lakes,2023-04-19,"[-77.051228, 34.870158]"
