,date,impact_energy(kt),velocity(km/s),altitude,coord
0,2024-06-18,0.079,16.2,28.7,N/A
1,2024-06-18,1.2,35.4,44.3,"(('44.3', 'N'), ('173.2', 'E'))"
2,2024-06-03,0.092,N/A,60.0,"(('63.1', 'S'), ('53.2', 'W'))"
3,2024-06-01,0.25,12.6,26.5,"(('1.0', 'S'), ('15.9', 'W'))"
4,2024-05-27,0.26,39.2,56.0,"(('1.7', 'N'), ('39.4', 'W'))"
5,2024-05-24,0.18,36.5,42.0,"(('6.6', 'N'), ('114.2', 'E'))"
6,2024-05-18,0.13,40.4,74.3,"(('41.0', 'N'), ('8.8', 'W'))"
7,2024-05-15,0.098,N/A,64.2,"(('49.8', 'N'), ('54.1', 'W'))"
8,2024-05-05,0.13,13.9,39.0,"(('7.1', 'S'), ('112.7', 'W'))"
9,2024-04-09,0.11,N/A,36.3,"(('36.5', 'N'), ('37.8', 'W'))"
10,2024-03-17,0.13,25.6,42.1,"(('27.6', 'N'), ('117.2', 'E'))"
11,2024-02-26,0.13,31.3,33.1,"(('22.9', 'N'), ('57.1', 'E'))"
12,2024-02-05,0.15,14.4,23.0,"(('13.8', 'S'), ('123.7', 'E'))"
13,2023-12-30,0.6,28.3,37.0,"(('63.4', 'S'), ('79.9', 'E'))"
14,2023-12-11,0.36,26.0,31.7,"(('53.6', 'S'), ('146.0', 'E'))"
15,2023-12-05,0.076,20.6,24.1,"(('10.0', 'N'), ('42.9', 'E'))"
16,2023-11-21,0.13,18.3,37.0,"(('9.4', 'S'), ('17.4', 'E'))"
17,2023-10-30,0.092,17.6,33.8,"(('42.9', 'S'), ('44.7', 'W'))"
18,2023-10-26,0.78,30.2,44.2,"(('45.9', 'N'), ('174.8', 'W'))"
19,2023-10-23,0.18,N/A,39.0,"(('49.6', 'S'), ('75.4', 'E'))"
20,2023-10-16,0.1,19.8,35.3,"(('6.5', 'S'), ('65.4', 'W'))"
21,2023-10-14,0.18,19.3,37.0,"(('8.4', 'S'), ('161.9', 'W'))"
22,2023-09-28,0.16,N/A,37.0,"(('13.2', 'N'), ('72.4', 'E'))"
23,2023-09-07,0.076,N/A,N/A,"(('27.0', 'N'), ('150.8', 'E'))"
24,2023-09-03,0.082,N/A,37.0,"(('43.2', 'S'), ('102.2', 'E'))"
25,2023-08-17,0.25,16.1,35.4,"(('48.6', 'N'), ('100.1', 'E'))"
26,2023-08-05,3.8,21.8,44.0,"(('19.9', 'N'), ('131.7', 'W'))"
27,2023-07-26,0.44,15.6,36.1,"(('18.9', 'N'), ('103.4', 'W'))"
28,2023-07-07,0.092,25.7,38.3,"(('14.5', 'N'), ('126.6', 'W'))"
29,2023-07-06,0.1,N/A,71.0,"(('59.3', 'S'), ('145.4', 'W'))"
30,2023-06-21,1.4,16.5,40.4,"(('12.4', 'N'), ('62.8', 'E'))"
31,2023-05-20,7.2,27.9,29.0,"(('17.8', 'S'), ('141.9', 'E'))"
32,2023-04-26,0.086,16.2,29.6,"(('47.0', 'N'), ('10.7', 'W'))"
33,2023-04-15,6.3,17.2,41.4,"(('20.1', 'S'), ('36.0', 'E'))"
34,2023-04-06,0.23,22.1,31.2,"(('57.4', 'N'), ('109.9', 'E'))"
35,2023-04-01,0.086,46.4,61.8,"(('16.8', 'S'), ('76.0', 'E'))"
36,2023-03-20,0.095,N/A,34.8,"(('23.7', 'S'), ('132.6', 'E'))"
37,2023-03-11,1.1,N/A,32.0,"(('74.7', 'S'), ('79.5', 'E'))"
38,2023-03-03,0.2,25.3,32.0,"(('40.1', 'N'), ('87.4', 'E'))"
39,2023-02-19,0.57,23.0,37.0,"(('7.9', 'N'), ('109.9', 'E'))"
40,2023-02-14,0.52,15.6,32.3,"(('48.0', 'S'), ('53.3', 'W'))"
41,2023-02-02,0.1,N/A,33.0,"(('26.2', 'S'), ('143.1', 'W'))"
42,2023-01-22,0.073,N/A,61.0,"(('3.5', 'N'), ('76.2', 'W'))"
43,2023-01-17,0.1,14.2,38.0,"(('33.1', 'N'), ('173.7', 'W'))"
44,2023-01-11,0.15,17.5,33.5,"(('31.5', 'N'), ('18.6', 'E'))"
45,2023-01-09,0.28,16.7,27.0,"(('45.7', 'S'), ('135.0', 'E'))"
46,2023-01-02,0.16,N/A,44.6,"(('1.5', 'N'), ('129.0', 'E'))"
47,2022-12-29,0.2,16.4,32.3,"(('42.3', 'N'), ('92.9', 'E'))"
48,2022-12-13,0.2,18.7,20,"(('32.75', 'N'), ('2.1', 'W'))"
49,2022-11-20,0.11,N/A,50.0,"(('17.0', 'S'), ('95.7', 'W'))"
50,2022-11-20,0.12,21.7,26.0,"(('15.0', 'N'), ('109.7', 'W'))"
51,2022-11-08,0.13,N/A,41.0,"(('77.2', 'N'), ('93.2', 'W'))"
52,2022-10-28,0.16,N/A,45.0,"(('7.1', 'N'), ('118.9', 'W'))"
53,2022-10-20,0.16,N/A,65.6,"(('26.6', 'N'), ('165.1', 'E'))"
54,2022-09-15,0.095,N/A,31.5,"(('22.7', 'N'), ('97.6', 'E'))"
55,2022-09-14,0.11,17.4,35.8,"(('40.8', 'N'), ('63.4', 'E'))"
56,2022-09-04,0.086,21.9,14.0,"(('20.0', 'N'), ('165.9', 'E'))"
57,2022-08-21,0.076,N/A,37,"(('6.3', 'S'), ('51.5', 'E'))"
58,2022-08-14,1.2,N/A,55.5,"(('35.0', 'S'), ('78.4', 'E'))"
59,2022-07-28,0.68,29.9,37.5,"(('6.0', 'S'), ('86.9', 'W'))"
60,2022-07-27,1.3,19.8,38.1,"(('44.8', 'S'), ('2.9', 'W'))"
61,2022-07-25,0.27,15.2,33.6,"(('40.5', 'S'), ('76.6', 'E'))"
62,2022-07-22,0.19,17.4,32.7,"(('23.3', 'S'), ('20.5', 'W'))"
63,2022-07-20,0.27,16.0,32.2,"(('43.0', 'S'), ('59.6', 'W'))"
64,2022-07-08,0.095,20.2,22.0,"(('21.3', 'N'), ('130.1', 'E'))"
65,2022-07-07,1.8,N/A,35,"(('41.7', 'S'), ('175.0', 'E'))"
66,2022-06-30,0.28,N/A,56,"(('31.9', 'S'), ('12.9', 'W'))"
67,2022-06-26,0.21,20.1,19.0,"(('69.7', 'S'), ('164.7', 'E'))"
68,2022-06-14,0.28,N/A,61.0,"(('4.6', 'N'), ('39.1', 'W'))"
69,2022-06-07,0.11,24.9,41.1,"(('40.8', 'N'), ('127.1', 'W'))"
70,2022-05-24,0.37,N/A,39.8,"(('16.3', 'N'), ('30.4', 'W'))"
71,2022-04-21,0.13,12.7,28.4,"(('55.5', 'S'), ('68.9', 'W'))"
72,2022-04-12,0.17,20.6,23.8,"(('8.2', 'S'), ('57.8', 'E'))"
73,2022-04-04,0.095,19.7,31.5,"(('3.2', 'S'), ('64.3', 'W'))"
74,2022-03-30,0.073,N/A,74.0,"(('45.9', 'S'), ('171.4', 'W'))"
75,2022-03-28,0.98,19.6,29.0,"(('7.7', 'S'), ('74.3', 'E'))"
76,2022-03-24,0.24,18.2,56.7,"(('1.9', 'N'), ('20.6', 'W'))"
77,2022-03-11,4,17.2,33.3,"(('70.0', 'N'), ('9.1', 'W'))"
78,2022-03-06,0.073,N/A,N/A,"(('4.1', 'S'), ('99.5', 'W'))"
79,2022-03-03,0.076,N/A,72.0,"(('50.4', 'S'), ('45.9', 'E'))"
80,2022-02-17,0.095,N/A,41.0,"(('33.5', 'N'), ('38.9', 'W'))"
81,2022-02-17,0.21,21.5,32.4,"(('5.4', 'N'), ('56.4', 'E'))"
82,2022-02-07,7,13.1,26.5,"(('28.7', 'S'), ('11.4', 'E'))"
83,2022-02-03,0.44,22.8,36.0,"(('13.3', 'S'), ('142.2', 'E'))"
84,2022-01-30,0.18,20.0,36.6,"(('50.0', 'N'), ('38.0', 'W'))"
85,2022-01-28,0.9,N/A,37.0,"(('4.5', 'S'), ('73.9', 'W'))"
86,2022-01-11,2.9,22.8,40.8,"(('58.4', 'S'), ('160.2', 'W'))"
87,2022-01-01,0.42,N/A,35.5,"(('66.1', 'N'), ('152.6', 'W'))"
88,2021-12-29,0.073,22.0,44,"(('69.7', 'S'), ('115.0', 'E'))"
89,2021-12-23,0.076,N/A,37,"(('4.9', 'S'), ('29.6', 'W'))"
90,2021-12-20,0.11,18.2,56,"(('62.7', 'N'), ('60.3', 'E'))"
91,2021-12-10,0.16,N/A,27.5,"(('47.5', 'S'), ('172.6', 'E'))"
92,2021-11-28,0.13,19.7,38.4,"(('32.6', 'N'), ('113.5', 'E'))"
93,2021-11-17,0.086,23.0,35.0,"(('6.8', 'S'), ('119.1', 'E'))"
94,2021-11-08,0.11,N/A,36,"(('33.8', 'S'), ('7.7', 'W'))"
95,2021-10-28,0.1,N/A,35.2,"(('4.1', 'S'), ('138.7', 'W'))"
96,2021-10-21,0.13,15.9,30,"(('51.5', 'N'), ('51.4', 'E'))"
97,2021-10-20,0.19,N/A,28,"(('13.8', 'N'), ('140.4', 'W'))"
98,2021-10-20,0.073,27.5,31.4,"(('59.0', 'N'), ('154.3', 'E'))"
99,2021-09-29,0.4,21.2,28.0,"(('53.9', 'N'), ('148.0', 'W'))"
100,2021-09-06,0.11,13.6,26.0,"(('2.1', 'S'), ('111.8', 'W'))"
101,2021-07-30,0.42,N/A,63.0,"(('7.8', 'S'), ('90.1', 'E'))"
102,2021-07-29,0.13,14.7,26.4,"(('42.4', 'N'), ('98.4', 'E'))"
103,2021-07-07,0.11,N/A,N/A,"((None, None), (None, None))"
104,2021-07-05,1.8,15.7,43.4,"(('44.3', 'N'), ('164.2', 'W'))"
105,2021-06-09,0.082,N/A,N/A,"(('17.9', 'S'), ('55.3', 'W'))"
106,2021-05-16,0.13,N/A,37.0,"(('52.1', 'S'), ('171.2', 'W'))"
107,2021-05-06,0.076,26.6,31.0,"(('34.7', 'S'), ('141.0', 'E'))"
108,2021-05-02,0.089,N/A,N/A,"(('12.3', 'N'), ('43.4', 'W'))"
109,2021-04-13,0.076,14.1,44.4,"(('26.8', 'N'), ('79.1', 'W'))"
110,2021-04-02,0.4,N/A,40.0,"(('71.2', 'N'), ('106.7', 'E'))"
111,2021-03-06,0.41,N/A,31.1,"(('48.6', 'S'), ('90.4', 'E'))"
112,2021-03-05,0.13,N/A,32.5,"(('81.1', 'S'), ('141.1', 'E'))"
113,2021-02-28,0.098,N/A,N/A,"(('9.2', 'N'), ('64.1', 'W'))"
114,2021-02-09,0.1,N/A,31.0,"(('75.8', 'N'), ('92.8', 'W'))"
115,2021-02-02,0.11,N/A,20,"(('48.7', 'N'), ('80.1', 'E'))"
116,2021-01-31,0.72,N/A,39.4,"(('5.3', 'N'), ('115.2', 'E'))"
117,2021-01-29,0.24,N/A,30.0,"(('38.8', 'N'), ('51.3', 'W'))"
118,2021-01-25,0.23,N/A,19.1,"(('38.5', 'N'), ('47.6', 'W'))"
119,2021-01-24,0.2,N/A,37.5,"(('45.0', 'S'), ('95.5', 'E'))"
120,2020-12-29,0.16,N/A,33.0,"(('14.9', 'N'), ('158.2', 'W'))"
121,2020-12-28,0.18,N/A,28.3,"(('36.8', 'N'), ('54.7', 'W'))"
122,2020-12-22,9.5,13.6,35.5,"(('31.9', 'N'), ('96.2', 'E'))"
123,2020-11-28,0.092,19.6,28.1,"(('33.3', 'N'), ('135.1', 'E'))"
124,2020-11-25,0.076,N/A,N/A,"(('30.5', 'S'), ('81.0', 'W'))"
125,2020-11-07,0.33,16.7,22.3,"(('59.8', 'N'), ('16.8', 'E'))"
126,2020-10-26,0.34,17.6,28.5,"(('5.9', 'S'), ('160.4', 'E'))"
127,2020-10-23,0.25,N/A,48.0,"(('30.0', 'N'), ('71.9', 'W'))"
128,2020-10-22,0.15,17.6,40.0,"(('22.0', 'N'), ('133.5', 'W'))"
129,2020-10-21,0.079,N/A,N/A,"(('12.9', 'N'), ('150.2', 'W'))"
130,2020-10-21,0.095,N/A,39,"(('29.7', 'S'), ('93.9', 'W'))"
131,2020-10-19,0.076,N/A,40.7,"(('48.6', 'N'), ('93.9', 'E'))"
132,2020-10-18,0.12,16.4,36.0,"(('11.4', 'S'), ('135.8', 'W'))"
133,2020-09-18,0.14,11.7,46.0,"(('2.4', 'N'), ('169.7', 'W'))"
134,2020-08-30,0.2,23.4,27.8,"(('26.0', 'N'), ('133.5', 'E'))"
135,2020-08-02,0.23,11.1,38.0,"(('35.1', 'S'), ('34.2', 'W'))"
136,2020-07-22,0.079,N/A,36.0,"(('20.0', 'S'), ('103.8', 'W'))"
137,2020-07-20,0.16,14.1,31.6,"(('51.8', 'S'), ('11.2', 'W'))"
138,2020-07-12,0.23,18.3,29.4,"(('48.7', 'S'), ('74.0', 'E'))"
139,2020-05-27,0.18,14.9,29.3,"(('40.8', 'N'), ('41.7', 'E'))"
140,2020-05-18,0.46,N/A,25,"(('38.7', 'S'), ('77.2', 'E'))"
141,2020-05-12,0.26,N/A,N/A,"(('15.9', 'N'), ('174.2', 'E'))"
142,2020-05-09,0.14,N/A,52.5,"(('7.2', 'N'), ('44.2', 'W'))"
143,2020-05-09,0.14,14.5,31.2,"(('44.8', 'N'), ('131.0', 'W'))"
144,2020-04-28,0.076,N/A,N/A,"(('20.1', 'N'), ('109.4', 'W'))"
145,2020-04-18,0.095,N/A,N/A,"(('12.5', 'N'), ('49.8', 'W'))"
146,2020-04-14,0.073,N/A,N/A,"(('65.6', 'S'), ('45.6', 'W'))"
147,2020-03-26,0.37,20.7,26.5,"(('38.3', 'S'), ('23.5', 'E'))"
148,2020-03-23,0.39,N/A,25,"(('24.4', 'S'), ('67.9', 'W'))"
149,2020-03-22,0.089,N/A,N/A,"((None, None), (None, None))"
150,2020-03-04,1,19.8,24.3,"(('53.3', 'S'), ('90.8', 'E'))"
151,2020-02-28,0.34,21.5,34.5,"(('45.7', 'N'), ('15.1', 'E'))"
152,2020-02-24,0.073,N/A,N/A,"(('3.6', 'N'), ('96.0', 'W'))"
153,2020-02-10,0.095,31.7,41.7,"(('28.2', 'N'), ('76.7', 'E'))"
154,2020-01-27,0.15,19.8,32.5,"(('30.4', 'N'), ('1.5', 'E'))"
155,2020-01-24,0.092,21.2,32.0,"(('28.0', 'N'), ('35.8', 'W'))"
156,2020-01-21,0.098,27.4,43.3,"(('33.1', 'N'), ('34.3', 'E'))"
157,2020-01-17,0.29,15.5,14.5,"(('19.4', 'N'), ('66.0', 'W'))"
158,2020-01-16,0.19,12.9,27.8,"(('71.7', 'S'), ('116.4', 'W'))"
159,2020-01-15,0.55,N/A,31.5,"(('23.7', 'S'), ('125.2', 'W'))"
160,2020-01-06,0.15,N/A,N/A,"(('70.4', 'S'), ('17.5', 'W'))"
161,2019-12-21,0.21,22.2,35.5,"(('56.5', 'N'), ('147.6', 'W'))"
162,2019-12-11,0.13,17.8,37,"(('47.7', 'N'), ('161.7', 'E'))"
163,2019-12-06,0.15,N/A,19.5,"(('3.3', 'S'), ('37.7', 'W'))"
164,2019-12-03,0.14,N/A,61.5,"(('5.6', 'N'), ('52.2', 'W'))"
165,2019-11-28,0.095,13.0,35,"(('35.7', 'N'), ('31.7', 'W'))"
166,2019-11-28,0.092,N/A,N/A,"((None, None), (None, None))"
167,2019-11-28,0.089,24.7,22.5,"(('22.1', 'S'), ('25.7', 'E'))"
168,2019-11-05,0.33,27.4,38.0,"(('10.4', 'S'), ('143.3', 'W'))"
169,2019-10-22,0.095,N/A,40.7,"(('12.0', 'N'), ('76.0', 'W'))"
170,2019-10-10,0.57,14.1,47.3,"(('44.3', 'N'), ('122.9', 'E'))"
171,2019-09-28,0.082,20.4,52,"(('12.5', 'S'), ('107.2', 'W'))"
172,2019-09-27,0.12,N/A,N/A,"(('25.7', 'N'), ('28.4', 'W'))"
173,2019-09-14,0.33,15.9,38,"(('38.6', 'S'), ('33.5', 'W'))"
174,2019-09-13,0.14,13.5,27.4,"(('18.6', 'S'), ('126.9', 'E'))"
175,2019-09-12,0.48,18.5,42,"(('54.5', 'N'), ('9.2', 'E'))"
176,2019-09-12,0.19,17.2,30.6,"(('24.9', 'N'), ('47.8', 'W'))"
177,2019-08-24,0.13,13.4,39.8,"(('21.9', 'N'), ('130.4', 'W'))"
178,2019-08-22,0.073,N/A,30.2,"(('24.4', 'S'), ('92.9', 'W'))"
179,2019-08-16,0.089,14.9,36.0,"(('38.9', 'N'), ('7.0', 'E'))"
180,2019-07-23,0.69,16.1,30.6,"(('44.6', 'N'), ('147.6', 'W'))"
181,2019-06-30,0.11,42.3,59.0,"(('21.2', 'N'), ('129.5', 'W'))"
182,2019-06-30,0.076,N/A,N/A,"(('2.5', 'S'), ('168.7', 'E'))"
183,2019-06-22,6,14.9,25.0,"(('14.9', 'N'), ('66.2', 'W'))"
184,2019-06-20,0.098,N/A,37.0,"(('7.3', 'N'), ('67.6', 'W'))"
185,2019-05-26,0.14,17.5,24.4,"(('56.6', 'N'), ('25.3', 'W'))"
186,2019-05-25,0.16,15.8,29.2,"(('19.2', 'S'), ('89.4', 'E'))"
187,2019-05-22,0.29,N/A,32.6,"(('10.8', 'N'), ('37.3', 'W'))"
188,2019-05-21,1.6,11.5,31.5,"(('38.8', 'S'), ('137.5', 'E'))"
189,2019-05-19,0.11,15.2,33.3,"(('23.6', 'S'), ('132.8', 'E'))"
190,2019-05-12,0.076,N/A,N/A,"(('6.2', 'N'), ('57.1', 'W'))"
191,2019-05-04,0.079,N/A,26.5,"(('28.4', 'N'), ('88.3', 'W'))"
192,2019-04-22,0.37,11.4,33.3,"(('48.8', 'S'), ('67.8', 'E'))"
193,2019-04-14,0.1,15.9,30.6,"(('18.3', 'N'), ('74.6', 'W'))"
194,2019-04-06,0.22,18.1,41.5,"(('56.5', 'N'), ('94.9', 'E'))"
195,2019-04-04,0.098,N/A,N/A,"(('35.3', 'N'), ('93.9', 'W'))"
196,2019-03-27,0.079,N/A,N/A,"(('41.8', 'S'), ('7.4', 'W'))"
197,2019-03-19,0.073,16.2,28.7,"(('24.0', 'S'), ('140.3', 'E'))"
198,2019-03-15,0.15,14.4,31.5,"(('63.7', 'N'), ('95.7', 'E'))"
199,2019-02-18,4.2,20.8,26,"(('15.5', 'S'), ('25.3', 'E'))"
200,2019-02-01,1.4,16.3,23.7,"(('22.5', 'N'), ('83.8', 'W'))"
201,2019-01-29,0.089,N/A,N/A,"((None, None), (None, None))"
202,2019-01-22,0.12,11.6,42.5,"(('18.0', 'N'), ('6.5', 'E'))"
203,2018-12-23,0.27,16.5,31.8,"(('47.5', 'S'), ('174.4', 'W'))"
204,2018-12-18,49,13.6,26.0,"(('56.9', 'N'), ('172.4', 'E'))"
205,2018-11-20,1.1,17.4,27.4,"(('25.3', 'N'), ('6.7', 'W'))"
206,2018-11-17,0.61,19.1,32.5,"(('47.3', 'N'), ('172.9', 'W'))"
207,2018-11-15,0.073,N/A,N/A,"(('42', 'N'), ('57', 'W'))"
208,2018-11-14,0.13,N/A,37,"(('37.6', 'S'), ('83.5', 'E'))"
209,2018-10-24,0.16,N/A,33.3,"(('6.7', 'S'), ('148.6', 'W'))"
210,2018-10-22,0.092,N/A,N/A,"((None, None), (None, None))"
211,2018-10-05,0.13,14.7,31.5,"(('39.8', 'S'), ('31.7', 'W'))"
212,2018-09-25,1.9,16.5,33.0,"(('23.5', 'S'), ('56.8', 'E'))"
213,2018-09-25,0.17,12.5,40.7,"(('34.3', 'S'), ('44.9', 'E'))"
214,2018-09-20,0.26,11.1,N/A,"(('67.3', 'S'), ('75.1', 'E'))"
215,2018-09-17,0.43,N/A,N/A,"(('6.8', 'S'), ('27.8', 'W'))"
216,2018-09-13,0.14,N/A,N/A,"(('42.5', 'N'), ('50.1', 'W'))"
217,2018-08-27,0.086,16.1,33.0,"(('1.7', 'S'), ('141.4', 'E'))"
218,2018-08-21,0.079,N/A,37.0,"(('39.2', 'S'), ('162.9', 'W'))"
219,2018-07-27,0.32,N/A,32.0,"(('58.8', 'S'), ('105.8', 'E'))"
220,2018-07-25,2.1,24.4,43.3,"(('76.9', 'N'), ('69.0', 'W'))"
221,2018-07-17,0.59,N/A,N/A,"(('82.5', 'N'), ('136.7', 'W'))"
222,2018-06-26,0.1,14.1,63.0,"(('32.0', 'N'), ('12.1', 'E'))"
223,2018-06-21,2.8,14.4,27.2,"(('52.8', 'N'), ('38.1', 'E'))"
224,2018-06-02,0.98,16.9,28.7,"(('21.2', 'S'), ('23.3', 'E'))"
225,2018-05-12,0.54,N/A,34,"(('6.5', 'S'), ('173.7', 'E'))"
226,2018-05-08,0.23,N/A,N/A,"(('32', 'N'), ('60.7', 'W'))"
227,2018-05-03,0.13,11.5,39,"(('46.9', 'N'), ('7.5', 'W'))"
228,2018-04-30,0.1,13.1,34,"(('45.5', 'S'), ('1.4', 'W'))"
229,2018-04-21,0.12,14.6,28.2,"(('59.0', 'S'), ('45.8', 'E'))"
230,2018-04-19,0.23,20.9,30,"(('7.5', 'N'), ('3.6', 'E'))"
231,2018-04-19,1.3,10.9,31.5,"(('22.2', 'S'), ('72.6', 'E'))"
232,2018-04-07,0.27,N/A,31.5,"(('72.4', 'N'), ('78.7', 'W'))"
233,2018-02-21,0.22,13.1,31.5,"(('13.5', 'S'), ('37.1', 'W'))"
234,2018-02-15,0.095,N/A,50.7,"(('43.8', 'S'), ('1.1', 'W'))"
235,2018-02-12,0.13,N/A,N/A,"(('15.9', 'S'), ('58.9', 'W'))"
236,2018-02-08,0.7,N/A,43.5,"(('42.9', 'N'), ('179.7', 'E'))"
237,2018-02-01,0.53,16.5,37.0,"(('19.4', 'S'), ('104.3', 'E'))"
238,2018-01-22,0.11,N/A,N/A,"(('14.0', 'N'), ('17.4', 'W'))"
239,2018-01-15,0.56,23.7,43.6,"(('52.0', 'S'), ('57.2', 'E'))"
240,2018-01-06,0.098,21.0,26.0,"(('55.8', 'N'), ('52.5', 'E'))"
241,2018-01-06,0.12,N/A,26.0,"(('39.5', 'S'), ('12.8', 'E'))"
242,2017-12-31,0.15,N/A,64.5,"(('63.5', 'S'), ('101.3', 'W'))"
243,2017-12-29,0.33,N/A,38.0,"(('14.6', 'N'), ('49.5', 'W'))"
244,2017-12-28,0.34,N/A,N/A,"((None, None), (None, None))"
245,2017-12-15,6.4,31.4,20.0,"(('60.2', 'N'), ('170.0', 'E'))"
246,2017-11-19,0.098,11.4,33.3,"(('24.2', 'S'), ('135.0', 'E'))"
247,2017-10-26,1.4,N/A,42.5,"(('21.3', 'S'), ('177.6', 'E'))"
248,2017-10-23,0.086,16.7,35.4,"(('28.8', 'N'), ('44.6', 'E'))"
249,2017-10-15,0.11,15.9,24.1,"(('65.2', 'S'), ('128.2', 'E'))"
250,2017-10-09,0.1,N/A,N/A,"(('18.3', 'S'), ('64.1', 'W'))"
251,2017-10-04,0.54,14.6,37.0,"(('28.1', 'N'), ('99.4', 'E'))"
252,2017-09-05,0.13,14.7,36.0,"(('49.3', 'N'), ('116.9', 'W'))"
253,2017-07-31,0.19,N/A,N/A,"(('24.7', 'N'), ('118.5', 'W'))"
254,2017-07-23,0.12,17.2,38.0,"(('6.6', 'S'), ('69.7', 'W'))"
255,2017-07-13,0.23,13.7,35.0,"(('23.1', 'N'), ('60.7', 'E'))"
256,2017-06-30,0.29,15.2,20.0,"(('34.3', 'S'), ('134.5', 'E'))"
257,2017-06-23,0.52,24.3,35.1,"(('57.0', 'N'), ('143.7', 'E'))"
258,2017-06-20,1.6,13.6,33.3,"(('54.2', 'S'), ('133.0', 'E'))"
259,2017-05-24,0.28,18.4,46.0,"(('9.1', 'S'), ('101.8', 'E'))"
260,2017-05-22,0.12,N/A,33.0,"(('49.6', 'S'), ('157.6', 'W'))"
261,2017-05-14,0.12,N/A,33.0,"(('26.0', 'S'), ('32.4', 'E'))"
262,2017-04-30,0.43,21.5,32.4,"(('25.7', 'S'), ('56.2', 'E'))"
263,2017-03-11,2.9,N/A,28.0,"(('28.3', 'N'), ('60.2', 'W'))"
264,2017-03-09,1,36.5,23.0,"(('40.5', 'N'), ('18.0', 'W'))"
265,2017-03-08,0.23,N/A,37.0,"(('26.1', 'S'), ('174.9', 'E'))"
266,2017-02-25,0.21,12.2,25.4,"(('29.5', 'N'), ('13.5', 'E'))"
267,2017-02-22,0.13,N/A,N/A,"(('50.7', 'S'), ('66.0', 'W'))"
268,2017-02-18,0.79,24.2,38.0,"(('6.2', 'N'), ('60.4', 'E'))"
269,2017-02-07,0.073,N/A,54.0,"(('27.4', 'S'), ('14.8', 'W'))"
270,2017-02-06,0.21,N/A,33.5,"(('10.4', 'N'), ('131.6', 'E'))"
271,2016-12-23,0.13,29.7,42.0,"(('21.3', 'N'), ('49.3', 'E'))"
272,2016-12-07,0.35,N/A,N/A,"(('34.5', 'S'), ('126.6', 'W'))"
273,2016-11-29,0.11,N/A,N/A,"(('30.6', 'S'), ('93.1', 'W'))"
274,2016-11-24,0.4,17.4,30.6,"(('15.2', 'S'), ('80.3', 'E'))"
275,2016-11-03,0.24,N/A,37,"(('39.6', 'S'), ('16.3', 'W'))"
276,2016-10-01,0.11,14.2,27.8,"(('36.2', 'N'), ('6.7', 'E'))"
277,2016-09-22,0.22,17.5,40.0,"(('51.8', 'S'), ('178.5', 'E'))"
278,2016-09-14,0.24,18.3,54.0,"(('3.5', 'S'), ('44.6', 'E'))"
279,2016-08-27,0.41,N/A,42.0,"(('56.9', 'S'), ('162.2', 'E'))"
280,2016-08-11,0.52,14.9,34.3,"(('43.7', 'S'), ('53.8', 'E'))"
281,2016-08-05,0.36,N/A,32.4,"(('46.4', 'N'), ('171.6', 'E'))"
282,2016-07-21,0.15,N/A,37.0,"(('7.8', 'N'), ('1.6', 'W'))"
283,2016-07-05,0.44,25.1,38.2,"(('1.0', 'N'), ('48.6', 'E'))"
284,2016-06-27,1.2,29.1,33.3,"(('15.8', 'N'), ('11.9', 'W'))"
285,2016-06-05,0.87,14.5,28.7,"(('17.4', 'S'), ('138.3', 'E'))"
286,2016-06-02,0.49,N/A,N/A,"(('33.8', 'N'), ('110.9', 'W'))"
287,2016-05-29,0.22,N/A,32.0,"(('10.2', 'N'), ('48.8', 'W'))"
288,2016-05-20,0.073,20.8,30.6,"(('32.8', 'S'), ('15.1', 'E'))"
289,2016-05-16,1.3,12.2,41.7,"(('3.2', 'N'), ('6.6', 'E'))"
290,2016-05-13,0.31,N/A,33.0,"(('26.2', 'N'), ('122.3', 'W'))"
291,2016-04-24,0.42,N/A,50.0,"(('9.8', 'N'), ('42.8', 'W'))"
292,2016-04-18,0.62,17.1,31.5,"(('20.7', 'N'), ('14.5', 'W'))"
293,2016-04-12,0.073,N/A,N/A,"(('38.3', 'N'), ('162.2', 'E'))"
294,2016-04-10,1.6,15.1,35.2,"(('22.0', 'N'), ('149.0', 'E'))"
295,2016-03-16,0.11,13.3,42.0,"(('49.2', 'S'), ('6.3', 'W'))"
296,2016-03-03,0.19,11.7,31.8,"(('48.0', 'S'), ('51.0', 'E'))"
297,2016-02-23,0.12,17.9,44.0,"(('32.3', 'N'), ('67.2', 'E'))"
298,2016-02-21,0.96,N/A,32.0,"(('36.5', 'N'), ('37.2', 'W'))"
299,2016-02-19,0.56,15.5,39.4,"(('0.7', 'N'), ('11.6', 'W'))"
300,2016-02-13,0.17,N/A,N/A,"(('3.1', 'N'), ('117.9', 'E'))"
301,2016-02-06,13,15.6,31.0,"(('30.4', 'S'), ('25.5', 'W'))"
302,2016-01-27,0.16,11.5,37,"(('45.8', 'S'), ('53.6', 'E'))"
303,2016-01-21,0.15,18.1,42.5,"(('10.8', 'S'), ('0.7', 'E'))"
304,2015-12-30,0.079,N/A,39.0,"(('33.8', 'N'), ('160.7', 'W'))"
305,2015-12-21,0.26,12.1,42.2,"(('5.9', 'N'), ('143.0', 'E'))"
306,2015-12-08,0.55,N/A,38.0,"(('69.9', 'S'), ('150.5', 'E'))"
307,2015-11-13,0.31,N/A,28.0,"(('16.0', 'N'), ('124.3', 'E'))"
308,2015-11-02,0.24,N/A,37.0,"(('41.4', 'S'), ('33.0', 'E'))"
309,2015-10-31,0.29,N/A,71.0,"(('9.0', 'N'), ('138.0', 'W'))"
310,2015-10-30,0.51,N/A,N/A,"(('85.0', 'S'), ('161.7', 'W'))"
311,2015-10-13,0.082,12.9,38.9,"(('8.0', 'S'), ('52.5', 'W'))"
312,2015-10-11,0.1,N/A,N/A,"(('55.4', 'S'), ('18.8', 'W'))"
313,2015-10-10,0.12,11.8,51.8,"(('51.0', 'S'), ('21.1', 'W'))"
314,2015-10-04,0.15,N/A,36.1,"(('22.0', 'N'), ('171.6', 'W'))"
315,2015-09-17,0.3,N/A,N/A,"(('43.1', 'S'), ('94.9', 'E'))"
316,2015-09-14,0.22,N/A,N/A,"(('5.8', 'N'), ('15.2', 'W'))"
317,2015-09-08,0.073,16.1,44.4,"(('6.3', 'N'), ('29.9', 'E'))"
318,2015-09-07,3.9,21.0,29.3,"(('14.5', 'N'), ('98.9', 'E'))"
319,2015-09-02,0.13,24.1,39.8,"(('39.1', 'N'), ('40.2', 'E'))"
320,2015-08-04,0.1,N/A,N/A,"(('9.6', 'S'), ('125.9', 'E'))"
321,2015-07-19,0.082,17.8,22.0,"(('20.6', 'N'), ('87.6', 'W'))"
322,2015-07-12,0.079,N/A,41.0,"(('31.0', 'N'), ('159.6', 'E'))"
323,2015-07-04,0.18,49.0,46.3,"(('38.6', 'N'), ('103.1', 'E'))"
324,2015-06-14,0.22,31.9,32.4,"(('6.3', 'N'), ('124.1', 'E'))"
325,2015-06-12,0.5,N/A,43.5,"(('1.3', 'S'), ('32.1', 'W'))"
326,2015-06-10,1,N/A,61.1,"(('11.5', 'S'), ('161.9', 'W'))"
327,2015-06-02,0.99,N/A,N/A,"(('6.4', 'S'), ('142.7', 'W'))"
328,2015-05-20,0.12,N/A,32.4,"(('1.0', 'N'), ('172.6', 'E'))"
329,2015-05-18,0.14,N/A,29.0,"(('32.4', 'N'), ('139.1', 'E'))"
330,2015-05-10,0.42,12.2,29.6,"(('46.3', 'S'), ('179.3', 'W'))"
331,2015-05-07,0.17,17.3,37.0,"(('21.5', 'S'), ('29.3', 'W'))"
332,2015-04-30,0.32,12.9,26.7,"(('48.7', 'S'), ('139.1', 'E'))"
333,2015-04-21,0.27,21.3,37.4,"(('37.7', 'N'), ('39.6', 'W'))"
334,2015-04-10,0.21,N/A,N/A,"(('42.8', 'S'), ('8.2', 'E'))"
335,2015-04-08,0.49,19.2,36.3,"(('25.5', 'S'), ('51.5', 'E'))"
336,2015-04-03,0.14,N/A,N/A,"(('8.4', 'N'), ('157.9', 'W'))"
337,2015-03-30,0.2,13.8,33.1,"(('36.1', 'S'), ('5.5', 'W'))"
338,2015-03-18,0.36,N/A,50.0,"(('5.4', 'S'), ('159.3', 'E'))"
339,2015-03-11,0.23,19.9,35.2,"(('8.0', 'N'), ('119.1', 'E'))"
340,2015-03-08,0.073,N/A,N/A,"(('39.1', 'S'), ('118.6', 'W'))"
341,2015-03-04,0.18,18.0,39.8,"(('15.9', 'S'), ('88.1', 'E'))"
342,2015-02-26,0.53,21.1,33.7,"(('68.0', 'N'), ('149.0', 'W'))"
343,2015-02-25,0.19,N/A,42,"(('12.4', 'N'), ('122.4', 'W'))"
344,2015-02-17,0.11,28.8,39,"(('8.0', 'S'), ('11.2', 'W'))"
345,2015-01-09,0.079,N/A,N/A,"(('23.3', 'S'), ('49.2', 'W'))"
346,2015-01-09,0.41,17.5,36.0,"(('2.0', 'N'), ('28.8', 'E'))"
347,2015-01-07,0.4,35.7,45.5,"(('45.7', 'N'), ('26.9', 'E'))"
348,2015-01-02,0.073,18.1,38.1,"(('31.1', 'S'), ('140.0', 'E'))"
349,2014-12-13,0.15,21.7,30.7,"(('86.7', 'N'), ('162.1', 'W'))"
350,2014-12-12,0.11,12.0,26.3,"(('33.5', 'N'), ('144.9', 'E'))"
351,2014-12-09,0.24,N/A,26.3,"(('76.6', 'N'), ('96.3', 'E'))"
352,2014-11-28,1.7,13.4,26.1,"(('45.8', 'S'), ('172.7', 'W'))"
353,2014-11-27,0.18,N/A,38.0,"(('18.8', 'S'), ('73.4', 'W'))"
354,2014-11-26,0.35,25.3,23.3,"(('69.5', 'S'), ('179.7', 'W'))"
355,2014-11-26,0.32,19.9,37.0,"(('68.2', 'S'), ('24.0', 'W'))"
356,2014-11-04,0.45,16.0,22.2,"(('43.1', 'N'), ('115.8', 'E'))"
357,2014-10-21,0.12,N/A,N/A,"(('22.2', 'N'), ('132.9', 'W'))"
358,2014-10-17,0.23,N/A,39.0,"(('4.6', 'S'), ('66.3', 'W'))"
359,2014-10-14,0.1,16.9,27.2,"(('2.0', 'S'), ('119.2', 'E'))"
360,2014-10-06,0.13,N/A,N/A,"(('43.7', 'S'), ('85.7', 'E'))"
361,2014-09-09,0.098,N/A,32.5,"(('3.2', 'N'), ('137.2', 'E'))"
362,2014-09-05,0.12,N/A,N/A,"(('22.7', 'N'), ('150.0', 'W'))"
363,2014-08-29,0.092,N/A,N/A,"(('6.2', 'S'), ('49.9', 'W'))"
364,2014-08-28,0.12,N/A,N/A,"(('3.2', 'N'), ('45.4', 'W'))"
365,2014-08-23,7.6,16.2,22.2,"(('61.7', 'S'), ('132.6', 'E'))"
366,2014-07-29,0.23,N/A,N/A,"(('49.2', 'S'), ('172.2', 'W'))"
367,2014-07-29,0.17,N/A,N/A,"(('33.9', 'S'), ('115.9', 'W'))"
368,2014-06-28,0.67,12.4,26.3,"(('18.9', 'N'), ('141.2', 'E'))"
369,2014-06-26,0.2,11.2,28.5,"(('71.5', 'S'), ('93.4', 'E'))"
370,2014-05-29,0.19,N/A,28.7,"(('21.9', 'N'), ('131.1', 'W'))"
371,2014-05-16,0.4,18.0,30.8,"(('39.4', 'S'), ('95.9', 'W'))"
372,2014-05-16,0.82,16.5,44.0,"(('44.2', 'S'), ('176.2', 'W'))"
373,2014-05-08,2.4,19.0,35.4,"(('36.9', 'S'), ('87.3', 'E'))"
374,2014-03-29,0.13,16.3,30.7,"(('28.7', 'S'), ('121.5', 'E'))"
375,2014-03-18,1.3,N/A,30.5,"(('0.0', 'N'), ('111.8', 'W'))"
376,2014-03-03,0.29,N/A,N/A,"(('29.0', 'S'), ('94.9', 'W'))"
377,2014-02-18,0.092,N/A,N/A,"(('32.8', 'S'), ('61.5', 'W'))"
378,2014-02-13,1.5,N/A,25.0,"(('13.3', 'N'), ('110.7', 'W'))"
379,2014-01-15,0.41,N/A,29.6,"(('18.5', 'S'), ('141.8', 'E'))"
380,2014-01-12,0.24,16.2,37.0,"(('2.9', 'N'), ('64.4', 'E'))"
381,2014-01-08,0.11,44.8,18.7,"(('1.3', 'S'), ('147.6', 'E'))"
382,2013-12-23,0.43,15.1,34.3,"(('39.5', 'N'), ('2.0', 'E'))"
383,2013-12-08,0.2,11.8,23.5,"(('32.8', 'N'), ('165.1', 'W'))"
384,2013-11-21,0.23,12.4,59.3,"(('44.7', 'N'), ('35.3', 'E'))"
385,2013-10-12,3.5,12.8,22.2,"(('19.1', 'S'), ('25.0', 'W'))"
386,2013-10-09,0.19,N/A,N/A,"((None, None), (None, None))"
387,2013-09-24,0.46,N/A,40.7,"(('10.3', 'S'), ('164.7', 'W'))"
388,2013-08-12,0.15,N/A,66.6,"(('34.4', 'S'), ('118.2', 'E'))"
389,2013-07-31,0.13,N/A,N/A,"((None, None), (None, None))"
390,2013-07-31,0.22,17.8,29.1,"(('31.8', 'S'), ('137.1', 'E'))"
391,2013-07-30,1,18.8,25.6,"(('50.2', 'S'), ('90.2', 'E'))"
392,2013-07-27,0.36,22.1,26.5,"(('0.3', 'N'), ('156.2', 'E'))"
393,2013-07-26,0.073,N/A,37.0,"(('21.0', 'N'), ('178.5', 'W'))"
394,2013-07-18,0.079,N/A,N/A,"((None, None), (None, None))"
395,2013-06-13,0.079,N/A,N/A,"((None, None), (None, None))"
396,2013-06-01,0.12,N/A,28.9,"(('65.6', 'S'), ('138.4', 'E'))"
397,2013-05-14,0.073,N/A,N/A,"(('3.0', 'S'), ('76.4', 'E'))"
398,2013-04-30,10,12.1,21.2,"(('35.5', 'N'), ('30.7', 'W'))"
399,2013-04-21,2.5,14.9,40.7,"(('28.1', 'S'), ('64.6', 'W'))"
400,2013-03-12,0.1,N/A,26.0,"(('32.7', 'S'), ('17.1', 'E'))"
401,2013-02-20,0.1,13.6,N/A,"(('23.0', 'S'), ('38.8', 'W'))"
402,2013-02-15,440,18.6,23.3,"(('54.8', 'N'), ('61.1', 'E'))"
403,2013-02-07,0.21,N/A,N/A,"(('18.8', 'S'), ('158.6', 'W'))"
404,2013-01-25,6.9,N/A,N/A,"(('60.3', 'N'), ('64.6', 'W'))"
405,2013-01-12,0.16,N/A,36.1,"(('15.1', 'S'), ('155.6', 'W'))"
406,2012-12-30,0.55,N/A,N/A,"(('17.3', 'N'), ('83.6', 'W'))"
407,2012-12-18,0.095,N/A,N/A,"((None, None), (None, None))"
408,2012-11-20,0.089,14.3,33.3,"(('2.5', 'N'), ('29.6', 'E'))"
409,2012-11-20,0.36,N/A,N/A,"(('8.0', 'S'), ('86.0', 'W'))"
410,2012-10-25,0.1,N/A,N/A,"((None, None), (None, None))"
411,2012-10-19,0.082,13.2,29.3,"(('75.4', 'S'), ('49.6', 'E'))"
412,2012-10-09,0.58,13.5,27.8,"(('51.2', 'N'), ('84.6', 'W'))"
413,2012-10-03,0.75,17.0,N/A,"(('41.5', 'S'), ('21.9', 'W'))"
414,2012-10-02,1.2,15.4,35.0,"(('8.1', 'S'), ('111.9', 'W'))"
415,2012-09-28,0.13,N/A,N/A,"(('6.9', 'S'), ('73.7', 'E'))"
416,2012-09-18,0.67,18.3,28.1,"(('1.2', 'N'), ('52.2', 'W'))"
417,2012-09-11,0.17,N/A,N/A,"(('18.9', 'S'), ('105.2', 'E'))"
418,2012-09-10,0.082,16.9,23.8,"(('69.8', 'S'), ('111.7', 'W'))"
419,2012-08-27,0.22,28.9,38.7,"(('18.3', 'S'), ('64.2', 'E'))"
420,2012-08-26,0.68,12.7,36.0,"(('11.8', 'N'), ('117.0', 'E'))"
421,2012-08-13,0.11,N/A,N/A,"((None, None), (None, None))"
422,2012-07-27,0.12,N/A,27.2,"(('63.1', 'N'), ('172.3', 'E'))"
423,2012-07-25,0.39,18.5,26.8,"(('36.4', 'N'), ('41.5', 'E'))"
424,2012-06-05,0.086,N/A,N/A,"((None, None), (None, None))"
425,2012-05-25,0.19,N/A,N/A,"(('41.8', 'S'), ('36.2', 'W'))"
426,2012-05-22,0.59,N/A,N/A,"((None, None), (None, None))"
427,2012-05-15,0.39,17.1,33.3,"(('61.8', 'S'), ('135.5', 'W'))"
428,2012-05-04,0.63,N/A,N/A,"(('76.7', 'N'), ('10.6', 'W'))"
429,2012-04-23,0.15,N/A,25.2,"(('36.2', 'N'), ('107.4', 'E'))"
430,2012-04-21,0.42,N/A,N/A,"(('15.8', 'S'), ('174.8', 'W'))"
431,2012-04-19,0.1,N/A,N/A,"(('5.5', 'N'), ('16.8', 'E'))"
432,2012-04-02,0.11,N/A,N/A,"(('28.1', 'N'), ('95.2', 'W'))"
433,2012-03-12,0.3,11.8,25.0,"(('2.5', 'N'), ('139.8', 'E'))"
434,2012-03-03,0.31,N/A,20.4,"(('7.8', 'N'), ('2.7', 'E'))"
435,2012-03-01,0.079,N/A,N/A,"(('46.9', 'N'), ('29.8', 'W'))"
436,2012-02-24,0.13,N/A,N/A,"(('22.7', 'S'), ('30.8', 'E'))"
437,2012-02-17,0.44,N/A,45.6,"(('3.2', 'S'), ('39.9', 'W'))"
438,2012-02-16,0.3,N/A,N/A,"(('9.8', 'N'), ('151.8', 'E'))"
439,2012-02-12,0.41,N/A,61.0,"(('31.7', 'S'), ('54.9', 'E'))"
440,2012-02-04,0.43,12.2,34.2,"(('32.4', 'N'), ('0.1', 'E'))"
441,2012-01-15,0.076,12.3,26.3,"(('64.1', 'S'), ('109.9', 'E'))"
442,2012-01-11,0.26,N/A,N/A,"(('32.2', 'N'), ('88.5', 'E'))"
443,2011-12-19,0.4,N/A,36.1,"(('30.2', 'S'), ('52.6', 'E'))"
444,2011-12-14,0.16,N/A,32.4,"(('62.9', 'S'), ('89.6', 'E'))"
445,2011-12-11,0.1,N/A,N/A,"((None, None), (None, None))"
446,2011-11-20,0.082,N/A,N/A,"(('27.9', 'S'), ('116.3', 'E'))"
447,2011-10-12,0.12,N/A,N/A,"(('26.4', 'S'), ('78.4', 'W'))"
448,2011-09-13,0.21,16.7,21.3,"(('19.9', 'S'), ('13.8', 'W'))"
449,2011-08-31,0.095,N/A,N/A,"(('18.6', 'N'), ('5.1', 'W'))"
450,2011-08-20,0.082,N/A,N/A,"(('27.2', 'S'), ('2.8', 'W'))"
451,2011-08-18,0.082,N/A,N/A,"((None, None), (None, None))"
452,2011-08-11,0.12,N/A,N/A,"((None, None), (None, None))"
453,2011-08-04,0.098,N/A,63.0,"(('40.7', 'S'), ('86.7', 'W'))"
454,2011-07-27,0.15,N/A,29.6,"(('45.3', 'S'), ('63.5', 'E'))"
455,2011-07-07,0.11,N/A,N/A,"((None, None), (None, None))"
456,2011-07-05,0.21,N/A,40.7,"(('29.1', 'N'), ('139.7', 'E'))"
457,2011-07-04,0.1,N/A,N/A,"(('51.7', 'S'), ('175.0', 'E'))"
458,2011-06-16,0.086,N/A,40.5,"(('67.3', 'N'), ('21.4', 'W'))"
459,2011-05-25,4.8,11.6,59.0,"(('4.1', 'N'), ('14.0', 'E'))"
460,2011-05-16,0.073,N/A,N/A,"(('1.2', 'S'), ('92.8', 'E'))"
461,2011-04-27,0.61,N/A,28.7,"(('1.4', 'N'), ('126.6', 'W'))"
462,2011-04-27,0.086,N/A,N/A,"((None, None), (None, None))"
463,2011-04-17,0.086,N/A,N/A,"((None, None), (None, None))"
464,2011-04-11,0.13,N/A,N/A,"((None, None), (None, None))"
465,2011-04-06,0.43,12.7,22.2,"(('71.1', 'N'), ('43.5', 'W'))"
466,2011-03-24,0.19,N/A,59.0,"(('0.6', 'N'), ('127.5', 'W'))"
467,2011-03-23,0.11,N/A,N/A,"((None, None), (None, None))"
468,2011-03-23,0.079,N/A,N/A,"(('16.8', 'S'), ('85.6', 'W'))"
469,2011-03-01,0.13,11.9,30.6,"(('53.5', 'N'), ('103.9', 'E'))"
470,2011-02-21,0.13,18.0,44.4,"(('26.3', 'N'), ('43.7', 'E'))"
471,2011-02-12,0.073,N/A,N/A,"(('7.8', 'N'), ('95.3', 'W'))"
472,2011-01-21,0.23,N/A,61.0,"(('18.9', 'N'), ('44.6', 'W'))"
473,2011-01-08,0.1,N/A,48.0,"(('33.3', 'N'), ('125.8', 'W'))"
474,2010-12-25,33,18.1,26.0,"(('38.0', 'N'), ('158.0', 'E'))"
475,2010-12-14,0.13,N/A,24.0,"(('4.9', 'S'), ('175.5', 'E'))"
476,2010-12-09,0.2,N/A,66.0,"(('54.5', 'S'), ('169.7', 'W'))"
477,2010-12-01,0.39,N/A,33.3,"(('72.5', 'S'), ('144.9', 'E'))"
478,2010-11-21,0.25,N/A,50.0,"(('1.9', 'N'), ('143.3', 'E'))"
479,2010-11-19,0.11,N/A,30.0,"(('10.3', 'S'), ('148.8', 'E'))"
480,2010-11-10,0.22,N/A,N/A,"(('74.5', 'N'), ('77.7', 'W'))"
481,2010-11-09,0.27,N/A,37.0,"(('56.3', 'S'), ('16.7', 'W'))"
482,2010-11-09,0.073,N/A,26.0,"(('14.0', 'S'), ('160.0', 'W'))"
483,2010-10-27,0.42,N/A,35.2,"(('14.1', 'S'), ('67.7', 'E'))"
484,2010-10-08,0.073,N/A,N/A,"((None, None), (None, None))"
485,2010-09-24,0.16,N/A,N/A,"(('67.4', 'S'), ('50.6', 'W'))"
486,2010-09-18,0.21,N/A,N/A,"(('7.4', 'N'), ('36.7', 'E'))"
487,2010-09-08,0.21,N/A,46.3,"(('13.9', 'S'), ('65.5', 'W'))"
488,2010-09-05,1.7,N/A,35.2,"(('25.9', 'S'), ('49.0', 'E'))"
489,2010-09-03,3.8,12.3,33.3,"(('61.0', 'S'), ('146.7', 'E'))"
490,2010-08-17,0.076,N/A,33.3,"(('20.7', 'N'), ('114.3', 'W'))"
491,2010-08-12,0.098,N/A,N/A,"((None, None), (None, None))"
492,2010-08-05,0.12,N/A,N/A,"(('21.5', 'S'), ('46.6', 'E'))"
493,2010-07-15,0.086,N/A,N/A,"(('60.9', 'N'), ('178.1', 'W'))"
494,2010-07-06,14,15.7,26.0,"(('34.1', 'S'), ('174.5', 'W'))"
495,2010-06-26,0.34,N/A,50.0,"(('0.5', 'S'), ('133.2', 'E'))"
496,2010-06-21,0.47,N/A,N/A,"(('22.5', 'S'), ('120.9', 'W'))"
497,2010-06-17,0.35,N/A,42.0,"(('26.1', 'S'), ('100.0', 'E'))"
498,2010-04-17,0.18,N/A,N/A,"(('13.1', 'N'), ('173.0', 'W'))"
499,2010-04-16,2,18.8,22.2,"(('1.8', 'N'), ('176.9', 'W'))"
500,2010-04-06,0.25,N/A,N/A,"(('52.8', 'N'), ('146.5', 'W'))"
501,2010-03-18,0.5,N/A,N/A,"(('32.4', 'S'), ('51.8', 'W'))"
502,2010-03-15,0.25,N/A,N/A,"((None, None), (None, None))"
503,2010-03-14,0.14,N/A,35.6,"(('33.8', 'N'), ('90.2', 'W'))"
504,2010-03-08,0.1,N/A,53.0,"(('18.2', 'N'), ('110.1', 'E'))"
505,2010-03-08,0.85,24.5,52.0,"(('32.0', 'N'), ('92.9', 'W'))"
506,2010-02-28,0.44,15.1,37.0,"(('48.7', 'N'), ('21.0', 'E'))"
507,2010-02-26,0.65,N/A,N/A,"(('37.3', 'S'), ('166.0', 'W'))"
508,2010-02-24,0.28,N/A,N/A,"(('2.6', 'S'), ('102.2', 'W'))"
509,2010-01-15,1.2,14.0,25.0,"(('8.3', 'S'), ('27.0', 'E'))"
510,2009-12-31,0.26,N/A,N/A,"((None, None), (None, None))"
511,2009-12-31,0.31,N/A,20.7,"(('37.9', 'N'), ('178.3', 'W'))"
512,2009-11-25,0.2,N/A,N/A,"(('52.8', 'S'), ('136.5', 'E'))"
513,2009-11-21,18,32.1,38.0,"(('22.0', 'S'), ('29.2', 'E'))"
514,2009-11-18,0.26,N/A,N/A,"((None, None), (None, None))"
515,2009-11-18,1.8,N/A,31.5,"(('40.4', 'N'), ('113.2', 'W'))"
516,2009-11-14,0.082,N/A,N/A,"((None, None), (None, None))"
517,2009-11-07,0.079,N/A,N/A,"(('45.5', 'N'), ('157.7', 'W'))"
518,2009-11-07,0.14,N/A,37.0,"(('24.0', 'N'), ('64.1', 'E'))"
519,2009-10-11,0.22,N/A,27.8,"(('78.3', 'S'), ('70.2', 'E'))"
520,2009-10-08,33,19.2,19.1,"(('4.2', 'S'), ('120.6', 'E'))"
521,2009-09-27,0.27,N/A,37.0,"(('36.0', 'S'), ('67.6', 'W'))"
522,2009-09-18,0.42,N/A,N/A,"(('7.7', 'N'), ('29.5', 'W'))"
523,2009-09-04,2.3,24.0,28.3,"(('42.5', 'N'), ('110.0', 'E'))"
524,2009-08-23,0.75,12.2,34.0,"(('67.7', 'S'), ('18.3', 'E'))"
525,2009-07-31,0.089,N/A,N/A,"(('8.9', 'N'), ('121.9', 'W'))"
526,2009-07-16,1.8,N/A,32.2,"(('24.4', 'S'), ('59.8', 'W'))"
527,2009-07-03,0.095,N/A,N/A,"((None, None), (None, None))"
528,2009-06-27,0.11,15.2,26.1,"(('26.6', 'S'), ('12.6', 'W'))"
529,2009-06-20,0.095,N/A,N/A,"((None, None), (None, None))"
530,2009-06-18,0.11,N/A,57.4,"(('23.7', 'S'), ('16.0', 'W'))"
531,2009-06-09,0.76,N/A,34.2,"(('54.9', 'N'), ('152.7', 'W'))"
532,2009-05-31,0.42,N/A,N/A,"(('19.7', 'N'), ('121.0', 'W'))"
533,2009-05-13,0.23,N/A,N/A,"((None, None), (None, None))"
534,2009-05-04,0.41,N/A,40.7,"(('36.4', 'N'), ('160.4', 'W'))"
535,2009-04-20,0.079,N/A,N/A,"(('6.0', 'N'), ('84.3', 'E'))"
536,2009-04-10,0.73,19.1,32.4,"(('44.7', 'S'), ('25.7', 'E'))"
537,2009-03-15,0.11,N/A,N/A,"(('21.7', 'S'), ('98.6', 'W'))"
538,2009-03-04,0.48,N/A,N/A,"((None, None), (None, None))"
539,2009-03-01,0.073,N/A,N/A,"((None, None), (None, None))"
540,2009-02-20,0.16,N/A,N/A,"(('64.9', 'S'), ('70.0', 'W'))"
541,2009-02-07,3.5,15.4,40.0,"(('56.6', 'N'), ('69.8', 'E'))"
542,2009-01-12,0.16,N/A,N/A,"(('47.8', 'N'), ('44.3', 'W'))"
543,2009-01-10,0.082,N/A,26.5,"(('64.0', 'S'), ('122.8', 'E'))"
544,2008-12-24,0.12,24.1,21.1,"(('68.9', 'S'), ('102.0', 'W'))"
545,2008-12-12,0.6,N/A,50.0,"(('7.0', 'S'), ('9.7', 'W'))"
546,2008-12-09,0.12,N/A,N/A,"((None, None), (None, None))"
547,2008-11-24,0.42,23.7,34.8,"(('57.9', 'S'), ('146.1', 'E'))"
548,2008-11-21,0.41,12.9,28.2,"(('53.1', 'N'), ('109.9', 'W'))"
549,2008-11-18,0.089,22.4,35.2,"(('29.4', 'S'), ('75.9', 'E'))"
550,2008-11-09,0.61,N/A,29.6,"(('14.5', 'N'), ('112.7', 'E'))"
551,2008-10-21,0.15,11.3,29.6,"(('32.8', 'N'), ('165.6', 'W'))"
552,2008-10-10,0.51,N/A,21.4,"(('57.3', 'S'), ('17.0', 'E'))"
553,2008-10-07,1,13.3,38.9,"(('20.9', 'N'), ('31.4', 'E'))"
554,2008-09-09,0.19,N/A,N/A,"((None, None), (None, None))"
555,2008-08-16,0.38,N/A,N/A,"(('11.3', 'N'), ('97.2', 'E'))"
556,2008-08-12,0.073,N/A,N/A,"(('11.6', 'S'), ('175.0', 'W'))"
557,2008-08-07,0.14,13.8,45.4,"(('18.5', 'N'), ('180.0', 'E'))"
558,2008-07-23,0.36,14.5,31.5,"(('38.6', 'N'), ('68.0', 'E'))"
559,2008-07-22,0.2,N/A,54.4,"(('17.8', 'S'), ('89.2', 'W'))"
560,2008-07-11,0.17,N/A,N/A,"((None, None), (None, None))"
561,2008-07-08,0.21,21.7,52.2,"(('72.8', 'N'), ('147.3', 'E'))"
562,2008-07-01,0.12,9.8,36.1,"(('37.1', 'N'), ('115.7', 'W'))"
563,2008-06-27,0.49,23.1,33.7,"(('26.9', 'S'), ('17.7', 'W'))"
564,2008-06-18,0.076,N/A,N/A,"(('6.1', 'N'), ('103.1', 'E'))"
565,2008-05-29,0.076,N/A,N/A,"(('15.7', 'N'), ('83.5', 'W'))"
566,2008-05-24,0.43,14.2,37.0,"(('0.8', 'N'), ('162.0', 'E'))"
567,2008-05-22,0.076,N/A,N/A,"(('46.9', 'N'), ('134.5', 'E'))"
568,2008-05-15,0.25,N/A,N/A,"(('28.0', 'N'), ('41.5', 'W'))"
569,2008-05-06,0.18,N/A,N/A,"((None, None), (None, None))"
570,2008-04-30,0.073,N/A,N/A,"(('33.6', 'S'), ('35.1', 'W'))"
571,2008-04-07,0.076,N/A,N/A,"(('31.8', 'S'), ('58.5', 'W'))"
572,2008-04-06,0.24,N/A,N/A,"((None, None), (None, None))"
573,2008-03-15,0.16,12.9,26.7,"(('28.0', 'N'), ('41.5', 'W'))"
574,2008-02-24,0.23,N/A,N/A,"((None, None), (None, None))"
575,2008-02-19,0.073,N/A,N/A,"(('48.9', 'N'), ('119.8', 'W'))"
576,2008-02-18,0.16,N/A,N/A,"((None, None), (None, None))"
577,2008-02-17,0.33,13.9,40.4,"(('74.9', 'N'), ('73.4', 'W'))"
578,2008-02-16,0.22,N/A,N/A,"((None, None), (None, None))"
579,2008-01-18,0.15,N/A,N/A,"((None, None), (None, None))"
580,2008-01-09,0.14,11.6,31.5,"(('66.8', 'S'), ('67.3', 'W'))"
581,2007-12-26,0.4,N/A,N/A,"(('61.6', 'S'), ('158.9', 'W'))"
582,2007-12-20,0.36,N/A,N/A,"(('51.3', 'N'), ('115.4', 'E'))"
583,2007-10-25,0.19,N/A,46.3,"(('40.9', 'S'), ('91.3', 'E'))"
584,2007-10-12,0.11,18.4,37.0,"(('88.5', 'N'), ('116.6', 'E'))"
585,2007-10-07,0.19,N/A,N/A,"(('35.2', 'S'), ('125.6', 'E'))"
586,2007-09-22,0.65,16.9,30.2,"(('49.2', 'S'), ('85.5', 'W'))"
587,2007-06-11,0.16,17.0,35.2,"(('23.4', 'S'), ('170.9', 'W'))"
588,2007-06-08,0.65,N/A,38.9,"(('52.0', 'S'), ('175.3', 'E'))"
589,2007-06-07,0.11,N/A,29.6,"(('21.9', 'N'), ('53.1', 'E'))"
590,2007-05-16,0.13,N/A,N/A,"(('4.5', 'S'), ('111.7', 'E'))"
591,2007-05-16,1,N/A,31.5,"(('42.4', 'S'), ('164.0', 'E'))"
592,2007-05-04,0.5,N/A,48.0,"(('22.9', 'N'), ('109.4', 'E'))"
593,2007-04-18,0.33,24.4,38.0,"(('83.7', 'S'), ('171.2', 'W'))"
594,2007-04-16,0.086,N/A,N/A,"((None, None), (None, None))"
595,2007-03-17,0.13,14.5,32.5,"(('7.1', 'N'), ('4.1', 'E'))"
596,2007-03-15,0.089,N/A,N/A,"(('44.1', 'S'), ('148.4', 'W'))"
597,2007-03-07,0.095,N/A,N/A,"((None, None), (None, None))"
598,2007-02-02,0.89,N/A,35.5,"(('24.0', 'N'), ('37.2', 'W'))"
599,2007-01-26,0.43,N/A,N/A,"(('3.7', 'N'), ('99.7', 'E'))"
600,2007-01-22,0.24,13.4,32.0,"(('45.4', 'N'), ('53.5', 'E'))"
601,2007-01-18,0.11,N/A,34.1,"(('5.3', 'N'), ('164.3', 'W'))"
602,2007-01-17,1.4,N/A,33.3,"(('8.7', 'S'), ('50.8', 'E'))"
603,2007-01-01,0.12,N/A,53.0,"(('44.4', 'N'), ('116.5', 'E'))"
604,2006-12-09,14,15.9,26.5,"(('26.2', 'N'), ('26.0', 'E'))"
605,2006-12-07,0.076,N/A,N/A,"(('14.0', 'N'), ('140.0', 'W'))"
606,2006-12-01,0.2,N/A,N/A,"(('13.0', 'S'), ('30.7', 'E'))"
607,2006-11-13,0.082,N/A,N/A,"(('44.0', 'S'), ('43.3', 'E'))"
608,2006-10-24,0.62,N/A,43.0,"(('1.9', 'S'), ('2.7', 'W'))"
609,2006-10-14,0.7,23.9,44.4,"(('49.4', 'N'), ('175.0', 'W'))"
610,2006-10-09,0.14,N/A,22.2,"(('47.0', 'S'), ('78.9', 'E'))"
611,2006-10-07,0.14,N/A,40.7,"(('23.0', 'S'), ('61.8', 'W'))"
612,2006-10-02,0.28,N/A,42.0,"(('14.0', 'N'), ('53.1', 'E'))"
613,2006-09-27,0.32,N/A,48.1,"(('32.0', 'S'), ('60.2', 'E'))"
614,2006-09-23,0.36,N/A,N/A,"(('29.0', 'S'), ('108.0', 'W'))"
615,2006-09-02,0.079,N/A,N/A,"((None, None), (None, None))"
616,2006-09-02,2.8,14.2,44.1,"(('14.0', 'S'), ('109.1', 'E'))"
617,2006-08-29,0.28,N/A,40.7,"(('44.0', 'S'), ('162.0', 'W'))"
618,2006-08-18,0.11,N/A,47.2,"(('43.0', 'S'), ('33.4', 'E'))"
619,2006-08-17,0.7,N/A,48.2,"(('11.0', 'S'), ('165.7', 'E'))"
620,2006-08-15,0.16,N/A,32.7,"(('4.9', 'N'), ('49.6', 'E'))"
621,2006-08-09,2.4,N/A,37.0,"(('23.1', 'S'), ('53.7', 'E'))"
622,2006-07-15,0.26,12.4,29.6,"(('78.3', 'S'), ('5.0', 'W'))"
623,2006-07-15,0.47,30.2,38.9,"(('31.1', 'N'), ('45.6', 'E'))"
624,2006-06-07,0.19,19.6,40.7,"(('69.2', 'N'), ('22.5', 'E'))"
625,2006-05-28,0.092,N/A,N/A,"((None, None), (None, None))"
626,2006-05-21,0.71,N/A,N/A,"(('11.6', 'S'), ('25.5', 'W'))"
627,2006-05-07,0.1,N/A,N/A,"((None, None), (None, None))"
628,2006-05-06,0.38,N/A,35.2,"(('60.2', 'S'), ('152.3', 'W'))"
629,2006-04-25,0.073,N/A,N/A,"((None, None), (None, None))"
630,2006-04-08,0.37,N/A,33.3,"(('17.3', 'N'), ('113.2', 'W'))"
631,2006-04-04,5,N/A,25.0,"(('26.6', 'N'), ('26.6', 'W'))"
632,2006-03-14,0.42,N/A,35.2,"(('7.0', 'N'), ('64.6', 'W'))"
633,2006-02-26,0.22,N/A,N/A,"((None, None), (None, None))"
634,2006-02-06,2.7,N/A,35.2,"(('54.5', 'S'), ('18.1', 'E'))"
635,2006-02-04,0.3,19.8,38.9,"(('36.9', 'N'), ('143.6', 'W'))"
636,2006-01-28,1.8,18.7,37.0,"(('51.7', 'S'), ('56.4', 'E'))"
637,2006-01-27,0.15,N/A,20.0,"(('58.7', 'N'), ('74.7', 'E'))"
638,2006-01-26,0.17,N/A,37.0,"(('79.8', 'S'), ('111.0', 'W'))"
639,2006-01-10,0.098,16.9,32.4,"(('29.8', 'N'), ('12.7', 'W'))"
640,2006-01-08,0.29,N/A,N/A,"(('7.6', 'N'), ('28.2', 'W'))"
641,2005-12-29,0.53,20.7,42.2,"(('3.0', 'S'), ('154.9', 'W'))"
642,2005-12-24,0.51,N/A,66.0,"(('54.0', 'S'), ('17.3', 'E'))"
643,2005-12-03,0.27,17.0,32.2,"(('33.8', 'S'), ('117.4', 'E'))"
644,2005-12-01,0.11,N/A,N/A,"(('6.4', 'S'), ('155.8', 'W'))"
645,2005-11-29,0.11,N/A,59.3,"(('7.6', 'N'), ('58.2', 'W'))"
646,2005-11-15,0.089,N/A,32.4,"(('26.3', 'N'), ('113.4', 'W'))"
647,2005-11-11,0.14,N/A,29.6,"(('21.4', 'N'), ('134.1', 'W'))"
648,2005-11-09,0.23,13.8,30.7,"(('31.0', 'S'), ('145.9', 'E'))"
649,2005-11-02,0.11,N/A,68.5,"(('33.9', 'N'), ('154.9', 'W'))"
650,2005-11-02,0.21,N/A,74.0,"(('22.9', 'N'), ('123.8', 'W'))"
651,2005-10-26,0.4,N/A,16.7,"(('36.3', 'S'), ('80.5', 'W'))"
652,2005-09-30,0.079,N/A,53.0,"(('2.8', 'S'), ('84.1', 'W'))"
653,2005-09-14,0.089,N/A,33.3,"(('11.6', 'N'), ('27.3', 'E'))"
654,2005-09-02,0.25,N/A,N/A,"(('13.5', 'N'), ('73.1', 'E'))"
655,2005-08-20,0.095,N/A,N/A,"((None, None), (None, None))"
656,2005-08-09,0.089,16.9,37.0,"(('21.5', 'S'), ('56.2', 'E'))"
657,2005-07-01,0.11,N/A,50.0,"(('49.8', 'S'), ('33.1', 'E'))"
658,2005-06-18,0.082,N/A,N/A,"(('47.9', 'N'), ('85.6', 'E'))"
659,2005-06-05,0.14,N/A,N/A,"(('34.8', 'N'), ('90.9', 'E'))"
660,2005-06-03,0.25,26.2,29.6,"(('31.0', 'S'), ('90.3', 'W'))"
661,2005-05-27,0.073,N/A,50.5,"(('48.9', 'S'), ('145.1', 'E'))"
662,2005-05-14,0.38,N/A,N/A,"((None, None), (None, None))"
663,2005-05-07,0.092,16.6,15.2,"(('75.8', 'S'), ('163.7', 'E'))"
664,2005-05-02,0.15,N/A,N/A,"(('17.7', 'N'), ('36.0', 'E'))"
665,2005-04-22,0.079,N/A,37.0,"(('20.9', 'N'), ('36.7', 'W'))"
666,2005-04-19,0.64,16.8,38.5,"(('50.2', 'S'), ('146.4', 'W'))"
667,2005-04-16,0.073,N/A,N/A,"((None, None), (None, None))"
668,2005-04-15,0.076,N/A,39.0,"(('43.8', 'S'), ('73.9', 'W'))"
669,2005-04-14,0.22,N/A,26.5,"(('4.9', 'N'), ('176.0', 'W'))"
670,2005-04-11,0.32,N/A,37.0,"(('34.2', 'S'), ('95.7', 'W'))"
671,2005-04-06,0.1,N/A,70.0,"(('42.7', 'S'), ('154.6', 'E'))"
672,2005-04-05,0.12,N/A,N/A,"((None, None), (None, None))"
673,2005-04-03,0.61,N/A,59.2,"(('1.0', 'S'), ('112.4', 'E'))"
674,2005-04-02,0.57,N/A,27.2,"(('14.1', 'N'), ('169.7', 'E'))"
675,2005-03-31,0.13,N/A,N/A,"(('42.8', 'N'), ('36.2', 'W'))"
676,2005-03-18,0.095,N/A,33.0,"(('9.7', 'S'), ('34.7', 'W'))"
677,2005-03-12,0.079,N/A,N/A,"((None, None), (None, None))"
678,2005-03-09,0.17,N/A,44.4,"(('21.4', 'S'), ('157.9', 'W'))"
679,2005-03-09,0.13,N/A,30.7,"(('14.3', 'N'), ('142.7', 'E'))"
680,2005-03-06,0.18,N/A,N/A,"((None, None), (None, None))"
681,2005-02-22,0.14,N/A,N/A,"((None, None), (None, None))"
682,2005-02-17,0.3,N/A,42.5,"(('48.0', 'N'), ('161.5', 'W'))"
683,2005-01-19,0.41,N/A,40.7,"(('27.5', 'S'), ('164.9', 'W'))"
684,2005-01-02,0.35,21.5,35.2,"(('21.3', 'S'), ('154.7', 'E'))"
685,2005-01-01,1.2,N/A,31.8,"(('32.7', 'N'), ('12.4', 'E'))"
686,2004-12-29,0.28,N/A,N/A,"(('8.5', 'S'), ('171.8', 'E'))"
687,2004-12-13,0.13,N/A,N/A,"(('9.7', 'S'), ('155.3', 'E'))"
688,2004-12-11,0.1,N/A,N/A,"(('36.0', 'N'), ('104.1', 'E'))"
689,2004-11-30,0.51,N/A,N/A,"(('61.0', 'N'), ('171.0', 'W'))"
690,2004-11-17,0.52,N/A,N/A,"((None, None), (None, None))"
691,2004-10-14,0.28,N/A,N/A,"((None, None), (None, None))"
692,2004-10-10,0.1,N/A,N/A,"((None, None), (None, None))"
693,2004-10-07,18,19.2,35.0,"(('27.3', 'S'), ('71.5', 'E'))"
694,2004-10-04,0.22,N/A,N/A,"(('3.7', 'N'), ('150.9', 'W'))"
695,2004-09-28,0.2,N/A,N/A,"(('0.2', 'N'), ('101.1', 'W'))"
696,2004-09-03,13,N/A,31.5,"(('67.7', 'S'), ('18.2', 'E'))"
697,2004-08-22,3.2,N/A,37.0,"(('51.9', 'S'), ('22.7', 'E'))"
698,2004-07-29,0.089,N/A,N/A,"((None, None), (None, None))"
699,2004-07-25,0.55,N/A,N/A,"((None, None), (None, None))"
700,2004-07-22,0.12,N/A,N/A,"((None, None), (None, None))"
701,2004-07-16,0.1,N/A,N/A,"((None, None), (None, None))"
702,2004-07-04,0.25,N/A,N/A,"((None, None), (None, None))"
703,2004-07-03,0.21,N/A,N/A,"((None, None), (None, None))"
704,2004-06-12,0.31,N/A,N/A,"(('21.7', 'N'), ('175.3', 'E'))"
705,2004-06-11,0.31,N/A,N/A,"((None, None), (None, None))"
706,2004-06-05,3.9,19.5,43.0,"(('1.3', 'N'), ('174.4', 'W'))"
707,2004-06-04,0.89,N/A,N/A,"((None, None), (None, None))"
708,2004-06-03,0.16,N/A,N/A,"((None, None), (None, None))"
709,2004-06-03,0.18,N/A,N/A,"(('48.9', 'N'), ('120.4', 'W'))"
710,2004-05-18,1,N/A,N/A,"(('28.1', 'S'), ('47.4', 'W'))"
711,2004-05-17,0.18,N/A,44.0,"(('18.9', 'S'), ('28.3', 'E'))"
712,2004-05-06,0.16,N/A,N/A,"((None, None), (None, None))"
713,2004-04-23,0.18,N/A,N/A,"((None, None), (None, None))"
714,2004-04-22,0.41,N/A,N/A,"(('15.2', 'S'), ('55.1', 'E'))"
715,2004-04-22,1.5,16.3,29.6,"(('44.3', 'S'), ('83.3', 'E'))"
716,2004-04-06,1.1,25.6,35.0,"(('12.0', 'S'), ('162.8', 'E'))"
717,2004-03-26,0.086,N/A,46.0,"(('7.6', 'S'), ('155.1', 'E'))"
718,2004-03-25,0.076,N/A,N/A,"(('4.8', 'S'), ('21.0', 'E'))"
719,2004-02-27,0.19,N/A,N/A,"((None, None), (None, None))"
720,2004-02-02,0.1,N/A,N/A,"(('18.3', 'S'), ('52.3', 'E'))"
721,2004-01-22,0.64,N/A,37.0,"(('50.6', 'S'), ('157.8', 'E'))"
722,2004-01-17,0.098,N/A,N/A,"((None, None), (None, None))"
723,2004-01-16,0.3,N/A,N/A,"((None, None), (None, None))"
724,2004-01-02,0.39,N/A,63.0,"(('28.2', 'S'), ('3.2', 'E'))"
725,2003-12-09,1.6,N/A,N/A,"(('67.1', 'S'), ('90.8', 'W'))"
726,2003-11-26,0.12,N/A,32.0,"(('22.9', 'S'), ('22.7', 'E'))"
727,2003-11-10,1.3,20.1,23.0,"(('64.5', 'S'), ('136.2', 'E'))"
728,2003-11-01,0.23,N/A,N/A,"(('51.4', 'S'), ('151.7', 'E'))"
729,2003-10-16,0.77,N/A,N/A,"((None, None), (None, None))"
730,2003-10-13,0.1,N/A,N/A,"((None, None), (None, None))"
731,2003-10-07,0.13,N/A,N/A,"((None, None), (None, None))"
732,2003-09-27,4.6,18.2,26.0,"(('21.0', 'N'), ('86.6', 'E'))"
733,2003-09-22,0.11,N/A,N/A,"((None, None), (None, None))"
734,2003-09-21,0.073,N/A,N/A,"((None, None), (None, None))"
735,2003-09-20,0.1,N/A,N/A,"((None, None), (None, None))"
736,2003-09-02,1,N/A,N/A,"(('51.3', 'N'), ('161.0', 'W'))"
737,2003-08-26,0.23,N/A,N/A,"((None, None), (None, None))"
738,2003-08-26,0.68,N/A,N/A,"((None, None), (None, None))"
739,2003-08-17,1.6,N/A,N/A,"(('39.0', 'S'), ('34.0', 'E'))"
740,2003-08-01,0.076,N/A,N/A,"((None, None), (None, None))"
741,2003-07-21,0.19,N/A,N/A,"((None, None), (None, None))"
742,2003-06-22,0.076,N/A,N/A,"((None, None), (None, None))"
743,2003-06-21,0.13,N/A,N/A,"((None, None), (None, None))"
744,2003-06-16,0.21,N/A,N/A,"((None, None), (None, None))"
745,2003-06-10,0.11,N/A,N/A,"(('41.8', 'S'), ('122.9', 'E'))"
746,2003-05-27,0.22,N/A,N/A,"(('5.2', 'N'), ('166.2', 'E'))"
747,2003-05-19,1.3,N/A,N/A,"((None, None), (None, None))"
748,2003-05-18,0.076,N/A,N/A,"((None, None), (None, None))"
749,2003-05-15,0.14,N/A,N/A,"(('54.0', 'N'), ('80.4', 'W'))"
750,2003-04-28,0.082,N/A,N/A,"((None, None), (None, None))"
751,2003-04-13,0.5,N/A,17.0,"(('14.8', 'N'), ('64.5', 'E'))"
752,2003-04-07,0.079,N/A,N/A,"(('18.4', 'S'), ('162.6', 'E'))"
753,2003-04-01,0.11,N/A,N/A,"((None, None), (None, None))"
754,2003-03-27,0.41,N/A,45.0,"(('41.4', 'N'), ('87.7', 'W'))"
755,2003-02-25,0.11,N/A,N/A,"(('40.0', 'N'), ('116.0', 'E'))"
756,2003-02-12,0.25,N/A,N/A,"((None, None), (None, None))"
757,2003-02-12,0.36,N/A,N/A,"(('31.5', 'S'), ('107.5', 'E'))"
758,2003-02-06,0.55,N/A,N/A,"(('62.9', 'S'), ('113.9', 'W'))"
759,2003-02-05,0.31,N/A,N/A,"((None, None), (None, None))"
760,2003-02-04,0.4,N/A,N/A,"(('59.9', 'S'), ('41.0', 'E'))"
761,2003-01-30,0.32,N/A,N/A,"((None, None), (None, None))"
762,2002-11-28,0.15,N/A,N/A,"((None, None), (None, None))"
763,2002-11-21,0.66,N/A,N/A,"(('1.4', 'S'), ('154.0', 'W'))"
764,2002-11-12,0.14,N/A,N/A,"(('21.1', 'S'), ('6.8', 'W'))"
765,2002-11-10,1.2,N/A,N/A,"(('16.0', 'N'), ('166.0', 'W'))"
766,2002-10-09,0.16,N/A,N/A,"(('4.3', 'S'), ('175.9', 'W'))"
767,2002-10-04,0.35,N/A,N/A,"((None, None), (None, None))"
768,2002-09-24,2,N/A,N/A,"(('57.9', 'N'), ('112.9', 'E'))"
769,2002-08-14,0.28,N/A,N/A,"(('6.9', 'S'), ('126.2', 'W'))"
770,2002-08-11,3.3,N/A,N/A,"(('18.2', 'S'), ('159.4', 'E'))"
771,2002-08-10,0.089,N/A,N/A,"((None, None), (None, None))"
772,2002-07-25,0.63,N/A,N/A,"(('28.7', 'S'), ('47.0', 'E'))"
773,2002-07-22,0.17,N/A,N/A,"(('34.0', 'N'), ('106.1', 'E'))"
774,2002-06-29,0.46,N/A,N/A,"((None, None), (None, None))"
775,2002-06-15,0.1,N/A,N/A,"((None, None), (None, None))"
776,2002-06-13,0.54,N/A,N/A,"(('24.9', 'S'), ('111.4', 'E'))"
777,2002-06-02,8.8,N/A,N/A,"(('34.0', 'N'), ('21.0', 'E'))"
778,2002-04-03,0.51,N/A,N/A,"(('5.3', 'S'), ('27.1', 'E'))"
779,2002-04-02,0.11,N/A,N/A,"((None, None), (None, None))"
780,2002-03-28,0.095,N/A,N/A,"((None, None), (None, None))"
781,2002-03-19,0.26,N/A,N/A,"((None, None), (None, None))"
782,2002-03-19,0.17,N/A,N/A,"((None, None), (None, None))"
783,2002-03-18,0.073,N/A,N/A,"(('60.4', 'S'), ('120.5', 'W'))"
784,2002-03-09,0.68,N/A,N/A,"(('6.9', 'N'), ('147.3', 'W'))"
785,2002-03-03,0.25,N/A,N/A,"(('37.5', 'N'), ('154.0', 'E'))"
786,2002-03-01,0.13,N/A,N/A,"(('29.2', 'N'), ('66.8', 'W'))"
787,2002-02-09,0.22,N/A,N/A,"(('17.7', 'S'), ('138.7', 'E'))"
788,2002-02-01,0.22,N/A,N/A,"(('60.7', 'N'), ('116.6', 'E'))"
789,2002-01-20,0.31,N/A,N/A,"(('48.4', 'N'), ('165.0', 'W'))"
790,2002-01-03,0.36,N/A,N/A,"((None, None), (None, None))"
791,2001-12-14,0.44,N/A,N/A,"((None, None), (None, None))"
792,2001-12-12,0.3,N/A,N/A,"((None, None), (None, None))"
793,2001-11-26,0.54,N/A,N/A,"((None, None), (None, None))"
794,2001-11-13,0.83,N/A,N/A,"((None, None), (None, None))"
795,2001-11-11,0.38,N/A,N/A,"((None, None), (None, None))"
796,2001-10-27,0.12,N/A,N/A,"(('52.7', 'N'), ('3.8', 'E'))"
797,2001-10-14,0.27,N/A,N/A,"((None, None), (None, None))"
798,2001-10-12,0.2,N/A,N/A,"((None, None), (None, None))"
799,2001-10-06,0.45,N/A,N/A,"((None, None), (None, None))"
800,2001-09-25,0.14,N/A,N/A,"((None, None), (None, None))"
801,2001-08-26,0.13,N/A,N/A,"((None, None), (None, None))"
802,2001-08-18,0.13,N/A,N/A,"((None, None), (None, None))"
803,2001-07-26,0.86,N/A,N/A,"(('0.4', 'N'), ('84.8', 'E'))"
804,2001-07-23,2.8,N/A,N/A,"(('41.0', 'N'), ('77.0', 'W'))"
805,2001-05-06,0.16,N/A,N/A,"((None, None), (None, None))"
806,2001-04-27,0.38,N/A,N/A,"((None, None), (None, None))"
807,2001-04-23,9,N/A,29,"(('28.0', 'N'), ('133.6', 'W'))"
808,2001-04-14,0.086,N/A,N/A,"((None, None), (None, None))"
809,2001-04-13,0.68,N/A,N/A,"(('15.3', 'S'), ('162.4', 'E'))"
810,2001-02-09,0.32,N/A,N/A,"((None, None), (None, None))"
811,2001-02-04,0.44,N/A,N/A,"(('64.0', 'S'), ('97.3', 'E'))"
812,2001-01-28,0.32,N/A,N/A,"(('66.0', 'N'), ('31.3', 'E'))"
813,2000-12-15,0.71,N/A,N/A,"(('41.3', 'N'), ('95.2', 'E'))"
814,2000-12-15,0.095,N/A,N/A,"(('50.4', 'N'), ('58.9', 'E'))"
815,2000-11-28,0.35,N/A,N/A,"((None, None), (None, None))"
816,2000-11-13,0.21,N/A,N/A,"(('13.6', 'S'), ('5.8', 'W'))"
817,2000-11-06,0.22,N/A,N/A,"(('52.0', 'S'), ('22.2', 'W'))"
818,2000-10-11,0.25,N/A,N/A,"(('31.7', 'S'), ('5.5', 'W'))"
819,2000-09-24,0.095,N/A,N/A,"((None, None), (None, None))"
820,2000-09-23,0.079,N/A,N/A,"(('58.5', 'S'), ('142.6', 'E'))"
821,2000-09-19,0.27,N/A,N/A,"(('3.2', 'S'), ('133.8', 'W'))"
822,2000-08-25,3.1,N/A,N/A,"(('14.5', 'N'), ('106.1', 'W'))"
823,2000-08-13,0.21,N/A,N/A,"(('36.7', 'N'), ('127.8', 'W'))"
824,2000-08-01,0.51,N/A,N/A,"(('50.2', 'S'), ('101.9', 'W'))"
825,2000-07-31,0.13,N/A,N/A,"(('15.7', 'N'), ('138.5', 'W'))"
826,2000-07-19,0.32,N/A,N/A,"(('17.7', 'S'), ('94.1', 'E'))"
827,2000-07-15,0.076,N/A,N/A,"(('46.6', 'S'), ('163.3', 'E'))"
828,2000-07-09,0.36,N/A,N/A,"((None, None), (None, None))"
829,2000-07-07,0.21,N/A,N/A,"(('15.0', 'N'), ('140.7', 'E'))"
830,2000-06-27,0.095,N/A,N/A,"(('34.9', 'N'), ('36.8', 'E'))"
831,2000-06-23,0.073,N/A,N/A,"(('69.2', 'N'), ('44.0', 'W'))"
832,2000-06-22,0.1,N/A,N/A,"(('32.9', 'N'), ('159.0', 'E'))"
833,2000-06-18,0.39,N/A,N/A,"((None, None), (None, None))"
834,2000-06-14,0.42,N/A,48,"(('28.1', 'N'), ('107.3', 'E'))"
835,2000-06-04,0.53,N/A,N/A,"((None, None), (None, None))"
836,2000-06-03,0.1,N/A,N/A,"(('36.8', 'N'), ('74.8', 'W'))"
837,2000-06-02,0.1,N/A,N/A,"(('27.5', 'S'), ('18.9', 'W'))"
838,2000-05-29,0.19,N/A,N/A,"((None, None), (None, None))"
839,2000-05-06,0.098,N/A,N/A,"(('49.9', 'N'), ('18.4', 'E'))"
840,2000-05-03,0.19,N/A,N/A,"(('5.0', 'S'), ('73.0', 'E'))"
841,2000-04-21,0.27,N/A,N/A,"((None, None), (None, None))"
842,2000-04-04,0.082,N/A,N/A,"((None, None), (None, None))"
843,2000-03-28,0.2,N/A,N/A,"(('1.0', 'N'), ('98.3', 'E'))"
844,2000-03-19,0.16,N/A,N/A,"((None, None), (None, None))"
845,2000-03-06,2.2,N/A,N/A,"(('58.0', 'N'), ('175.0', 'E'))"
846,2000-02-18,7.3,N/A,N/A,"(('0.9', 'S'), ('109.2', 'E'))"
847,2000-02-17,0.079,N/A,N/A,"(('14.2', 'N'), ('115.9', 'E'))"
848,2000-01-18,2.4,N/A,N/A,"(('60.3', 'N'), ('134.6', 'W'))"
849,2000-01-18,0.12,N/A,N/A,"(('24.3', 'N'), ('94.9', 'W'))"
850,1999-12-16,0.21,N/A,N/A,"(('26.5', 'S'), ('11.3', 'W'))"
851,1999-12-11,0.74,N/A,N/A,"((None, None), (None, None))"
852,1999-12-10,0.098,N/A,N/A,"((None, None), (None, None))"
853,1999-12-03,0.14,N/A,N/A,"((None, None), (None, None))"
854,1999-12-01,0.082,N/A,N/A,"((None, None), (None, None))"
855,1999-11-30,0.15,N/A,N/A,"((None, None), (None, None))"
856,1999-11-15,0.23,N/A,N/A,"(('8.1', 'S'), ('75.4', 'E'))"
857,1999-11-07,0.27,N/A,N/A,"(('2.3', 'S'), ('77.4', 'W'))"
858,1999-10-26,0.27,N/A,N/A,"(('13.7', 'N'), ('70.8', 'W'))"
859,1999-09-08,0.098,N/A,N/A,"(('22.4', 'N'), ('0.2', 'E'))"
860,1999-09-08,0.28,N/A,32,"(('32.5', 'N'), ('104.6', 'E'))"
861,1999-08-16,0.12,N/A,N/A,"(('35.0', 'N'), ('107.2', 'W'))"
862,1999-08-06,0.22,N/A,N/A,"((None, None), (None, None))"
863,1999-08-03,0.93,N/A,N/A,"(('64.7', 'S'), ('18.8', 'W'))"
864,1999-07-10,0.86,N/A,52,"(('37.8', 'S'), ('39.6', 'E'))"
865,1999-07-07,0.41,N/A,N/A,"(('39.5', 'S'), ('174.4', 'E'))"
866,1999-06-25,0.37,N/A,69.0,"(('50.0', 'N'), ('121.0', 'E'))"
867,1999-05-23,0.092,N/A,N/A,"(('16.4', 'S'), ('116.3', 'W'))"
868,1999-04-26,0.28,N/A,N/A,"(('22.5', 'S'), ('6.5', 'E'))"
869,1999-04-26,0.11,N/A,N/A,"(('32.8', 'S'), ('159.1', 'E'))"
870,1999-03-31,0.64,N/A,N/A,"(('17.9', 'S'), ('22.6', 'E'))"
871,1999-03-28,0.81,N/A,N/A,"(('0.8', 'N'), ('97.6', 'E'))"
872,1999-03-02,0.19,N/A,N/A,"(('18.9', 'N'), ('50.5', 'E'))"
873,1999-02-18,0.44,N/A,N/A,"(('54.9', 'S'), ('64.6', 'W'))"
874,1999-02-01,0.098,N/A,N/A,"(('80.0', 'N'), ('154.2', 'E'))"
875,1999-01-19,0.086,N/A,N/A,"(('7.9', 'N'), ('85.8', 'E'))"
876,1999-01-14,9.8,N/A,32.0,"(('44.0', 'S'), ('129.7', 'W'))"
877,1999-01-12,0.14,N/A,N/A,"((None, None), (None, None))"
878,1999-01-11,0.086,N/A,N/A,"((None, None), (None, None))"
879,1999-01-02,0.12,N/A,65.0,"(('47.0', 'N'), ('103.0', 'E'))"
880,1998-12-22,0.095,N/A,N/A,"((None, None), (None, None))"
881,1998-11-23,0.089,N/A,N/A,"(('82.3', 'N'), ('160.1', 'E'))"
882,1998-11-11,1.6,N/A,N/A,"(('6.5', 'N'), ('156.4', 'E'))"
883,1998-10-03,0.11,N/A,N/A,"((None, None), (None, None))"
884,1998-09-04,0.38,N/A,N/A,"((None, None), (None, None))"
885,1998-09-01,0.086,N/A,N/A,"(('34.6', 'N'), ('23.6', 'E'))"
886,1998-08-30,0.14,N/A,N/A,"((None, None), (None, None))"
887,1998-08-08,0.082,N/A,N/A,"((None, None), (None, None))"
888,1998-07-28,0.2,N/A,N/A,"((None, None), (None, None))"
889,1998-03-24,0.095,N/A,N/A,"((None, None), (None, None))"
890,1998-03-22,0.41,N/A,N/A,"(('1.4', 'N'), ('26.6', 'E'))"
891,1998-01-08,0.2,N/A,N/A,"((None, None), (None, None))"
892,1998-01-04,0.23,17.1,30.0,"(('35.1', 'S'), ('33.4', 'E'))"
893,1997-12-28,0.11,N/A,N/A,"(('23.1', 'S'), ('152.4', 'E'))"
894,1997-12-09,0.73,N/A,N/A,"(('62.7', 'N'), ('49.9', 'W'))"
895,1997-11-07,1.9,N/A,N/A,"(('57.3', 'S'), ('167.2', 'E'))"
896,1997-10-09,0.53,N/A,37.0,"(('31.8', 'N'), ('106.0', 'W'))"
897,1997-10-01,0.2,N/A,N/A,"(('46.7', 'N'), ('108.9', 'E'))"
898,1997-09-30,0.082,N/A,N/A,"(('38.1', 'S'), ('63.9', 'E'))"
899,1997-09-05,0.53,N/A,N/A,"(('31.1', 'S'), ('56.4', 'E'))"
900,1997-08-20,0.092,N/A,N/A,"((None, None), (None, None))"
901,1997-08-15,0.079,N/A,N/A,"((None, None), (None, None))"
902,1997-07-30,0.16,N/A,N/A,"((None, None), (None, None))"
903,1997-07-04,0.095,N/A,N/A,"(('15.8', 'S'), ('175.8', 'W'))"
904,1997-05-22,0.15,N/A,N/A,"((None, None), (None, None))"
905,1997-04-27,0.86,N/A,N/A,"(('16.7', 'N'), ('87.5', 'E'))"
906,1997-02-19,0.41,N/A,N/A,"(('16.3', 'S'), ('87.7', 'W'))"
907,1997-02-15,0.43,N/A,N/A,"(('35.5', 'N'), ('115.6', 'E'))"
908,1997-02-06,0.092,N/A,N/A,"((None, None), (None, None))"
909,1997-01-28,0.086,N/A,N/A,"((None, None), (None, None))"
910,1997-01-23,0.73,N/A,N/A,"(('15.0', 'S'), ('94.2', 'E'))"
911,1997-01-22,1.2,N/A,N/A,"(('32.2', 'N'), ('29.0', 'E'))"
912,1997-01-04,0.14,N/A,N/A,"(('25.7', 'N'), ('5.3', 'W'))"
913,1997-01-03,0.92,N/A,N/A,"((None, None), (None, None))"
914,1996-12-17,0.14,N/A,N/A,"(('34.1', 'N'), ('37.2', 'W'))"
915,1996-12-10,0.68,N/A,N/A,"((None, None), (None, None))"
916,1996-12-04,0.16,N/A,N/A,"((None, None), (None, None))"
917,1996-12-01,0.2,N/A,N/A,"((None, None), (None, None))"
918,1996-11-22,0.22,N/A,N/A,"((None, None), (None, None))"
919,1996-11-08,0.2,N/A,N/A,"((None, None), (None, None))"
920,1996-10-30,0.076,N/A,N/A,"(('2.1', 'S'), ('123.1', 'W'))"
921,1996-10-28,0.14,N/A,N/A,"(('27.4', 'N'), ('79.4', 'W'))"
922,1996-10-23,0.15,N/A,N/A,"(('47.3', 'S'), ('20.6', 'E'))"
923,1996-10-19,0.38,N/A,N/A,"(('29.7', 'N'), ('34.7', 'W'))"
924,1996-10-07,0.15,N/A,N/A,"((None, None), (None, None))"
925,1996-10-05,0.68,N/A,N/A,"(('49.6', 'S'), ('145.9', 'E'))"
926,1996-08-17,0.12,N/A,N/A,"((None, None), (None, None))"
927,1996-08-15,0.26,N/A,N/A,"((None, None), (None, None))"
928,1996-08-09,0.1,N/A,N/A,"((None, None), (None, None))"
929,1996-08-07,0.43,N/A,N/A,"((None, None), (None, None))"
930,1996-08-06,0.38,N/A,N/A,"((None, None), (None, None))"
931,1996-08-05,0.61,N/A,N/A,"((None, None), (None, None))"
932,1996-08-05,0.25,N/A,N/A,"((None, None), (None, None))"
933,1996-07-17,0.16,N/A,N/A,"(('31.8', 'N'), ('111.4', 'E'))"
934,1996-07-12,0.11,N/A,N/A,"(('20.7', 'N'), ('93.6', 'W'))"
935,1996-06-25,0.076,N/A,N/A,"((None, None), (None, None))"
936,1996-05-08,0.098,N/A,N/A,"((None, None), (None, None))"
937,1996-05-01,0.12,N/A,N/A,"((None, None), (None, None))"
938,1996-03-31,0.095,N/A,N/A,"((None, None), (None, None))"
939,1996-03-30,0.36,N/A,N/A,"(('31.1', 'S'), ('84.3', 'W'))"
940,1996-03-29,0.38,N/A,N/A,"(('21.5', 'N'), ('158.1', 'W'))"
941,1996-03-25,0.15,N/A,N/A,"((None, None), (None, None))"
942,1996-03-13,0.63,N/A,N/A,"((None, None), (None, None))"
943,1996-02-16,0.18,N/A,N/A,"((None, None), (None, None))"
944,1996-02-15,0.16,N/A,N/A,"(('76.0', 'N'), ('127.0', 'W'))"
945,1996-01-18,0.36,N/A,N/A,"((None, None), (None, None))"
946,1996-01-15,0.71,N/A,N/A,"(('59.8', 'S'), ('175.8', 'E'))"
947,1995-12-27,0.079,N/A,N/A,"((None, None), (None, None))"
948,1995-12-22,1.1,N/A,N/A,"(('70.2', 'S'), ('73.3', 'W'))"
949,1995-12-09,0.36,N/A,N/A,"(('2.9', 'S'), ('79.0', 'W'))"
950,1995-11-25,0.1,N/A,N/A,"((None, None), (None, None))"
951,1995-11-13,0.076,N/A,N/A,"((None, None), (None, None))"
952,1995-10-01,0.12,N/A,N/A,"((None, None), (None, None))"
953,1995-09-09,1.3,N/A,N/A,"((None, None), (None, None))"
954,1995-08-24,0.36,N/A,N/A,"((None, None), (None, None))"
955,1995-08-17,0.46,N/A,N/A,"((None, None), (None, None))"
956,1995-08-06,0.18,N/A,N/A,"((None, None), (None, None))"
957,1995-08-05,0.56,N/A,N/A,"(('11.6', 'N'), ('104.3', 'W'))"
958,1995-07-11,0.38,N/A,N/A,"(('28.5', 'S'), ('93.3', 'E'))"
959,1995-07-09,0.089,N/A,N/A,"(('0.9', 'S'), ('66.3', 'E'))"
960,1995-07-07,0.41,N/A,N/A,"(('40.2', 'N'), ('76.1', 'W'))"
961,1995-06-09,0.089,N/A,N/A,"((None, None), (None, None))"
962,1995-04-02,0.089,N/A,N/A,"((None, None), (None, None))"
963,1995-02-16,0.19,N/A,N/A,"(('16.7', 'N'), ('141.7', 'W'))"
964,1995-01-18,0.22,N/A,N/A,"(('51.5', 'N'), ('115.4', 'E'))"
965,1995-01-10,0.089,N/A,N/A,"((None, None), (None, None))"
966,1995-01-04,0.14,N/A,N/A,"(('46.4', 'N'), ('12.1', 'E'))"
967,1995-01-02,0.1,N/A,N/A,"((None, None), (None, None))"
968,1994-12-18,0.16,N/A,N/A,"((None, None), (None, None))"
969,1994-12-16,0.16,N/A,N/A,"(('42.2', 'S'), ('27.6', 'E'))"
970,1994-11-03,5,N/A,N/A,"(('6.5', 'N'), ('89.0', 'E'))"
971,1994-11-01,2.3,N/A,N/A,"(('1.5', 'S'), ('84.5', 'W'))"
972,1994-10-27,0.85,N/A,N/A,"((None, None), (None, None))"
973,1994-10-20,0.27,N/A,N/A,"(('45.2', 'S'), ('1.9', 'W'))"
974,1994-10-08,0.21,N/A,N/A,"((None, None), (None, None))"
975,1994-09-22,0.21,N/A,N/A,"((None, None), (None, None))"
976,1994-08-15,0.47,N/A,N/A,"((None, None), (None, None))"
977,1994-06-15,0.14,N/A,N/A,"(('45.0', 'N'), ('73.5', 'W'))"
978,1994-06-03,1.3,N/A,N/A,"((None, None), (None, None))"
979,1994-05-29,1,N/A,N/A,"(('52.8', 'N'), ('2.3', 'E'))"
980,1994-02-01,30,N/A,N/A,"(('2.7', 'N'), ('164.1', 'E'))"
981,1993-11-29,0.092,N/A,N/A,"(('26.5', 'N'), ('78.3', 'E'))"
982,1993-10-31,0.13,N/A,N/A,"(('51.3', 'N'), ('100.9', 'W'))"
983,1991-10-04,1.4,N/A,N/A,"(('78.7', 'N'), ('6.3', 'E'))"
984,1990-10-01,5.2,N/A,N/A,"(('7.5', 'N'), ('142.8', 'E'))"
985,1988-04-15,14,N/A,N/A,"(('4.1', 'S'), ('124.3', 'E'))"
